BookID,Book Name,Author,Publishing Year,Genre,Book Average Rating,Book Rating Count,Publisher 
1,The House at Pooh Corner,"A.A. Milne, Ernest H. Shepard",1928,Children's Literature,4.36,69102,"Amazon Digital Services,  Inc."
2,The Silent Wife,A.S.A. Harrison,2013,Thriller,3.3,60323,"Amazon Digital Services,  Inc."
3,"Fallen Too Far (Too Far, #1)",Abbi Glines,2012,Romance,4.21,138871,Penguin Group (USA) LLC
4,"Never Too Far (Too Far, #2)",Abbi Glines,2013,Romance,4.21,97616,"Amazon Digital Services,  Inc."
5,The Orphan Master's Son,Adam Johnson,2012,Literary Fiction,4.06,52765,Macmillan
6,Go the Fuck to Sleep,"Adam Mansbach, Ricardo Cortes",2011,Children's Literature,4.26,71816,"Amazon Digital Services,  Inc."
7,Aesopica,"Aesop, Laura Harris, Laura Gibbs",-560,Classics,4.05,88508,"Amazon Digital Services,  Inc."
8,The Mysterious Affair at Styles,Agatha Christie,1920,Mystery,3.98,135514,"Amazon Digital Services,  Inc."
9,The Murder of Roger Ackroyd,Agatha Christie,1926,Mystery,4.2,71354,"Amazon Digital Services,  Inc."
10,Murder at the Vicarage,Agatha Christie,1930,Mystery,4.03,93963,HarperCollins Publishing
11,Murder in the Calais Coach,Agatha Christie,1934,Mystery,4.16,138444,"Amazon Digital Services,  Inc."
12,The Art of Forgetting,Ahlam Mosteghanemi,2012,Literary Fiction,3.72,42958,Simon and Schuster Digital Sales Inc
13,The Sweetness at the Bottom of the Pie,Alan Bradley,2009,Mystery,3.81,99841,Penguin Group (USA) LLC
14,Moloka'i,Alan Brennert,2003,Historical Fiction,4.15,75307,HarperCollins Christian Publishing
15,Batman: The Killing Joke ,"Alan Moore, Brian Bolland, Tim Sale",1988,Action,4.36,113855,Random House LLC
16,La peste,"Albert Camus, Stuart Gilbert",1947,Literary Fiction,3.97,95803,"Amazon Digital Services,  Inc."
17,Brave New World/Brave New World Revisited,"Aldous Huxley, Christopher Hitchens",1932,Science Fiction,4.16,108124,"Amazon Digital Services,  Inc."
18,One Day in the Life of Ivan Denisovich,"Aleksandr Solzhenitsyn, H.T. Willetts",1962,Classics,3.94,61678,Hachette Book Group
19,"Beastly (Beastly, #1, Kendra Chronicles, #1)",Alex Flinn,2007,Fantasy,3.84,150003,"Amazon Digital Services,  Inc."
20,The Beach,Alex Garland,1996,Thriller,3.91,52333,Hachette Book Group
21,Roots,Alex Haley,1976,Historical Fiction,4.42,118951,Macmillan
22,The Darkest Minds,Alexandra Bracken,2012,Young Adult,4.26,83886,Hachette Book Group
23,Wallbanger,Alice Clayton,2012,Romance,4.1,134805,"Amazon Digital Services,  Inc."
24,Lucky,Alice Sebold,1999,Literary Fiction,3.77,77462,"Amazon Digital Services,  Inc."
25,Fun Home: A Family Tragicomic,Alison Bechdel,2006,Biography/Autobiography/Memoir,4.12,48305,Hachette Book Group
26,Howl and Other Poems ,"Allen Ginsberg, William Carlos Williams",1956,Essays/Journalism,4.14,71968,HarperCollins Publishers
27,Hyperbole and a Half,Allie Brosh,2013,Self-Help and Instruction,4.17,118910,Penguin Group (USA) LLC
28,"I'd Tell You I Love You, But Then I'd Have to Kill You",Ally Carter,2006,Young Adult,3.82,150222,Hachette Book Group
29,Heist Society,Ally Carter,2010,Thriller,3.91,75834,Random House LLC
30,Crossed,Ally Condie,2011,Young Adult,3.52,100886,"Amazon Digital Services,  Inc."
31,Reached,Ally Condie,2012,Young Adult,3.56,109290,"Amazon Digital Services,  Inc."
32,Switched,Amanda Hocking,2010,Young Adult,3.89,45319,Macmillan
33,The Immortals of Meluha,Amish Tripathi,2010,Fantasy,4,62784,"Amazon Digital Services,  Inc."
34,The Secret of the Nagas.,Amish Tripathi,2011,Fantasy,3.98,50158,"Amazon Digital Services,  Inc."
35,Rules of Civility,Amor Towles,2011,Historical Fiction,3.99,75541,Penguin Group (USA) LLC
36,The Bonesetter's Daughter,Amy Tan,2001,Literary Fiction,3.98,99926,"Amazon Digital Services,  Inc."
37,House of Sand and Fog,Andre Dubus III,1999,Literary Fiction,3.83,55381,"Amazon Digital Services,  Inc."
38,Frindle,"Andrew Clements, Brian Selznick",1996,Children's Literature,3.79,83351,Macmillan
39,Magyk,Angie Sage,2005,Fantasy,3.8,86805,"Amazon Digital Services,  Inc."
40,The Boston Girl,Anita Diamant,2014,Literary Fiction,3.79,51603,"Amazon Digital Services,  Inc."
41,The Pilot's Wife,Anita Shreve,1998,Romance,3.5,71777,Simon and Schuster Digital Sales Inc
42,State of Wonder,Ann Patchett,2011,Literary Fiction,3.85,124837,"Amazon Digital Services,  Inc."
43,Black and Blue,Anna Quindlen,1998,Crime,3.86,67753,"Amazon Digital Services,  Inc."
44,Dragonflight,Anne McCaffrey,1968,Fantasy,4.1,95378,"Amazon Digital Services,  Inc."
45,The Vampire Lestat,Anne Rice,1985,Fantasy,4.05,141299,"Amazon Digital Services,  Inc."
46,The Queen of the Damned,Anne Rice,1988,Fantasy,3.86,110693,"Amazon Digital Services,  Inc."
47,The Witching Hour,Anne Rice,1990,Horror,4.1,79824,"Amazon Digital Services,  Inc."
48,The Tale of the Body Thief,Anne Rice,1992,Fantasy,3.7,67267,HarperCollins Publishers
49,A Spool of Blue Thread,Anne Tyler,2015,Literary Fiction,3.4,42339,Penguin Group (USA) LLC
50,The Accidental Tourist,"Anne Tyler, Jennifer Bassett",1985,Literary Fiction,3.9,80075,"Amazon Digital Services,  Inc."
51,The Shipping News,Annie Proulx,1993,Literary Fiction,3.83,103151,"Amazon Digital Services,  Inc."
52,The Book of Mormon,"Anonymous, Joseph Smith Jr.",1830,Essays/Journalism,4.37,63530,Random House LLC
53,Kitchen Confidential: Adventures in the Culinary Underbelly,Anthony Bourdain,2000,Self-Help & Instruction,4,134177,HarperCollins Publishers
54,The White Tiger,Aravind Adiga,2008,Literary Fiction,3.71,114531,Random House LLC
55,Frog and Toad Are Friends,Arnold Lobel,1970,Children's Literature,4.18,70119,HarperCollins Publishers
56,The Complete Maus,Art Spiegelman,1986,Biography/Autobiography/Memoir,4.53,76785,"Amazon Digital Services,  Inc."
57,Maus II : And Here My Troubles Began ,Art Spiegelman,1991,Biography/Autobiography/Memoir,4.41,90147,Hachette Book Group
58,Childhood's End,Arthur C. Clarke,1953,Science Fiction,4.09,87141,"Amazon Digital Services,  Inc."
59,Rendezvous with Rama,Arthur C. Clarke,1973,Science Fiction,4.06,93151,"Amazon Digital Services,  Inc."
60,The Complete Sherlock Holmes,Arthur Conan Doyle,1894,Mystery,4.5,109754,Penguin Group (USA) LLC
61,The Memoirs of Sherlock Holmes,Arthur Conan Doyle,1894,Crime,4.32,56918,HarperCollins Publishers
62,The Hound of the Baskervilles,"Arthur Conan Doyle, Anne Perry",1902,Mystery,4.09,154517,Macmillan
63,"Sherlock Holmes: The Complete Novels and Stories, Vol 2","Arthur Conan Doyle, Kyle Freeman",1914,Mystery,4.46,66857,Random House LLC
64,Death of a Salesman,Arthur Miller,1949,Drama,3.49,132061,Penguin Group (USA) LLC
65,Pippi Longstocking,"Astrid Lindgren, Lauren Child, Florence Lamborn, Nancy Seligsohn",1945,Children's Literature,4.11,123065,"Amazon Digital Services,  Inc."
66,Being Mortal: Medicine and What Matters in the End,Atul Gawande,2014,Self-Help and Instruction,4.4,56510,"Amazon Digital Services,  Inc."
67,Her Fearful Symmetry,Audrey Niffenegger,2009,Literary Fiction,3.23,63737,HarperCollins Publishers
68,Dry: A Memoir,Augusten Burroughs,2003,Biography/Autobiography/Memoir,4.01,70550,"Amazon Digital Services,  Inc."
69,Steal Like an Artist,Austin Kleon,2010,Essays/Journalism,3.86,93625,"Amazon Digital Services,  Inc."
70,Infidel,Ayaan Hirsi Ali,2006,Biography/Autobiography/Memoir,4.2,58432,"Amazon Digital Services,  Inc."
71,Anthem,Ayn Rand,1938,Science Fiction,3.62,95620,"Amazon Digital Services,  Inc."
72,Reading Lolita in Tehran: A Memoir in Books,Azar Nafisi,2003,Biography/Autobiography/Memoir,3.57,94696,"Amazon Digital Services,  Inc."
73,Modern Romance,"Aziz Ansari, Eric Klinenberg",2015,Romance,3.85,94231,"Amazon Digital Services,  Inc."
74,Behind Closed Doors,B.A. Paris,2016,Thriller,3.93,57865,Penguin Group (USA) LLC
75,Dreams from My Father,Barack Obama,1995,Biography/Autobiography/Memoir,3.81,128961,HarperCollins Publishers
76,The Audacity of Hope: Thoughts on Reclaiming the American Dream,Barack Obama,2006,Self-Help and Instruction,3.69,110873,"Amazon Digital Services,  Inc."
77,The Bean Trees,Barbara Kingsolver,1988,Literary Fiction,3.94,105032,"Amazon Digital Services,  Inc."
78,Prodigal Summer,Barbara Kingsolver,2000,Literary Fiction,3.98,78529,Simon and Schuster Digital Sales Inc
79,Flight Behavior,Barbara Kingsolver,2012,Literary Fiction,3.75,57078,"Amazon Digital Services,  Inc."
80,"Animal, Vegetable, Miracle: A Year of Food Life","Barbara Kingsolver, Steven L. Hopp, Camille Kingsolver, Richard A. Houser",2007,Biography/Autobiography/Memoir,4.03,83881,"Amazon Digital Services,  Inc."
81,The Tale of Peter Rabbit,Beatrix Potter,1901,Children's Literature,4.17,162373,Penguin Group (USA) LLC
82,Silence ,Becca Fitzpatrick,2011,Young Adult,4.16,190722,"Amazon Digital Services,  Inc."
83,Finale,Becca Fitzpatrick,2012,Young Adult,4.22,107569,Penguin Group (USA) LLC
84,Aristotle and Dante Discover the Secrets of the Universe,Benjamin Alire Sáenz,2012,Young Adult,4.34,108884,"Amazon Digital Services,  Inc."
85,The Tao of Pooh,"Benjamin Hoff, Ernest H. Shepard",1982,Self-Help and Instruction,4.01,69975,HarperCollins Publishers
86,Der Vorleser,"Bernhard Schlink, Carol Brown Janeway",1995,Literary Fiction,3.73,119911,"Amazon Digital Services,  Inc."
87,Saving CeeCee Honeycutt,"Beth Hoffman, Jenna Lamia",2010,Literary Fiction,3.92,54341,"Amazon Digital Services,  Inc."
88,Across the Universe,Beth Revis,2011,Science Fiction,3.78,94176,"Amazon Digital Services,  Inc."
89,Better Homes & Gardens New Cook Book,Better Homes and Gardens,1953,Self-Help and Instruction,4.14,93640,"Amazon Digital Services,  Inc."
90,Beezus and Ramona,Beverly Cleary,1955,Children's Literature,3.97,75987,Random House LLC
91,Notes from a Small Island,Bill Bryson,1995,Essays/Journalism,3.91,66947,"Amazon Digital Services,  Inc."
92,Down Under,Bill Bryson,2000,Biography/Autobiography/Memoir,4.05,58688,"Amazon Digital Services,  Inc."
93,"Brown Bear, Brown Bear, What Do You See?","Bill Martin Jr., Eric Carle",1967,Children's Literature,4.19,125668,Hachette Book Group
94,Chicka Chicka Boom Boom,"Bill Martin Jr., John Archambault, Lois Ehlert",1989,Children's Literature,4.21,105192,Simon and Schuster Digital Sales Inc
95,Killing Lincoln: The Shocking Assassination that Changed America Forever,"Bill O'Reilly, Martin Dugard",2011,Biography/Autobiography/Memoir,4.02,71868,"Amazon Digital Services,  Inc."
96,The Essential Calvin and Hobbes: A Calvin and Hobbes Treasury,Bill Watterson,1988,Children's Literature,4.65,93001,"Amazon Digital Services,  Inc."
97,Calvin and Hobbes,"Bill Watterson, G.B. Trudeau",1987,Graphic Novel,4.61,117788,Penguin Group (USA) LLC
98,"Fables, Volume 1: Legends in Exile","Bill Willingham, Lan Medina, Steve Leialoha, Craig Hamilton, James Jean",2001,Fantasy,3.99,101016,Penguin Group (USA) LLC
99,Ouran High School Host Club,Bisco Hatori,2003,Young Adult,4.36,113881,HarperCollins Publishers
100,Pines,Blake Crouch,2012,Thriller,3.88,34789,"Amazon Digital Services,  Inc."
101,Doctor Zhivago,"Boris Pasternak, Max Hayward, Manya Harari, John Bayley",1957,Literary Fiction,4.03,59973,HarperCollins Publishers
102,Fablehaven,Brandon Mull,2006,Fantasy,4.08,99390,Random House LLC
103,Grip of the Shadow Plague,Brandon Mull,2008,Young Adult,4.26,65638,"Amazon Digital Services,  Inc."
104,Elantris,Brandon Sanderson,2005,Fantasy,4.17,95950,Simon and Schuster Digital Sales Inc
105,Alcatraz Versus the Evil Librarians,Brandon Sanderson,2007,Fantasy,4.35,150736,Random House LLC
106,The Hero of Ages,Brandon Sanderson,2008,Fantasy,4.46,143622,"Amazon Digital Services,  Inc."
107,The Way of Kings,Brandon Sanderson,2010,Fantasy,4.64,144822,"Amazon Digital Services,  Inc."
108,The Alloy of Law,Brandon Sanderson,2011,Fantasy,4.2,72185,"Amazon Digital Services,  Inc."
109,Steelheart,Brandon Sanderson,2013,Science Fiction,4.16,76261,Penguin Group (USA) LLC
110,Words of Radiance,Brandon Sanderson,2014,Fantasy,4.77,73572,HarperCollins Publishers
111,The Way of Shadows,Brent Weeks,2008,Fantasy,4.15,109236,Random House LLC
112,Shadow's Edge,Brent Weeks,2008,Fantasy,4.27,66390,Random House LLC
113,Beyond the Shadows,Brent Weeks,2008,Fantasy,4.29,64961,"Amazon Digital Services,  Inc."
114,The Black Prism,Brent Weeks,2010,Fantasy,4.24,58906,"Amazon Digital Services,  Inc."
115,"The Elegant Universe: Superstrings, Hidden Dimensions, and the Quest for the Ultimate Theory",Brian Greene,1999,Essays/Journalism,4.06,32626,"Amazon Digital Services,  Inc."
116,Redwall,Brian Jacques,1986,Children's Literature,4.11,73918,"Amazon Digital Services,  Inc."
117,"Saga, Volume One","Brian K. Vaughan, Fiona Staples",2012,Fantasy,4.25,131906,"Amazon Digital Services,  Inc."
118,"Y: The Last Man, Vol. 1: Unmanned","Brian K. Vaughan, Pia Guerra, José Marzán Jr.",2003,Science Fiction,4.12,81326,"Amazon Digital Services,  Inc."
119,The Invention of Hugo Cabret,Brian Selznick,2007,Children's Literature,4.23,132159,"Amazon Digital Services,  Inc."
120,The Prayer of Jabez:  Breaking Through to the Blessed Life,Bruce H. Wilkinson,2000,Self-Help and Instruction,3.92,57468,"Amazon Digital Services,  Inc."
121,"Scott Pilgrim, Volume 1: Scott Pilgrim's Precious Little Life",Bryan Lee O'Malley,2004,Graphic Novel,4.18,126864,Random House LLC
122,The Power of One,Bryce Courtenay,1989,Historical Fiction,4.34,57312,Random House LLC
123,The Great Divorce,C.S. Lewis,1945,Fantasy,4.28,75031,Penguin Group (USA) LLC
124,The horse and his boy,C.S. Lewis,1954,Fantasy,3.9,189671,Penguin Group (USA) LLC
125,The Last Battle,C.S. Lewis,1956,Fantasy,4.02,158701,"Amazon Digital Services,  Inc."
126,The Silver Chair,"C.S. Lewis, Pauline Baynes",1953,Fantasy,3.95,170453,Hachette Book Group
127,How to Be a Woman,Caitlin Moran,2011,Biography/Autobiography/Memoir,3.73,70446,"Amazon Digital Services,  Inc."
128,The Alienist,Caleb Carr,1994,Crime,4.05,96981,HarperCollins Publishers
129,Hoot,Carl Hiaasen,2002,Young Adult,3.81,75275,Penguin Group (USA) LLC
130,Cosmos,Carl Sagan,1980,Science Fiction,4.35,76440,Penguin Group (USA) LLC
131,Contact,Carl Sagan,1985,Science Fiction,4.11,90917,Random House LLC
132,The Angel's Game,"Carlos Ruiz Zafón , Lucia Graves",2008,Fantasy,3.86,46225,HarperCollins Publishers
133,Tell the Wolves I'm Home,Carol Rifka Brunt,2012,Young Adult,4.04,85582,"Amazon Digital Services,  Inc."
134,The Heart is a Lonely Hunter,Carson McCullers,1940,Literary Fiction,3.97,67643,"Amazon Digital Services,  Inc."
135,City of Heavenly Fire,Cassandra Clare,2014,Fantasy,4.48,177796,"Amazon Digital Services,  Inc."
136,Twilight Director's Notebook,Catherine Hardwicke,2009,Essays/Journalism,4.2,88847,HarperCollins Publishers
137,Where Rainbows End,Cecelia Ahern,2004,Romance,3.95,55236,Random House LLC
138,Everything I Never Told You,Celeste Ng,2014,Literary Fiction,3.78,108703,"Amazon Digital Services,  Inc."
139,The Art of Fielding,Chad Harbach,2011,Literary Fiction,3.99,81712,"Amazon Digital Services,  Inc."
140,The Chosen,Chaim Potok,1967,Literary Fiction,4.03,70701,"Amazon Digital Services,  Inc."
141,Club Dead,Charlaine Harris,2003,Fantasy,4.03,181323,HarperCollins Publishers
142,Dead to the World,Charlaine Harris,2004,Fantasy,4.13,199572,"Amazon Digital Services,  Inc."
143,Dead as a Doornail ,Charlaine Harris,2005,Fantasy,4.01,169560,Penguin Group (USA) LLC
144,"Definitely Dead (Sookie Stackhouse, #6)",Charlaine Harris,2006,Fantasy,4.02,163054,Simon and Schuster Digital Sales Inc
145,All Together Dead,Charlaine Harris,2007,Fantasy,4.05,162689,Random House LLC
146,From Dead to Worse,Charlaine Harris,2008,Fantasy,4.01,151095,"Amazon Digital Services,  Inc."
147,Dead and Gone,Charlaine Harris,2009,Fantasy,4.01,145157,Random House LLC
148,Dead in the Family,Charlaine Harris,2010,Fantasy,3.88,127379,"Amazon Digital Services,  Inc."
149,Dead Reckoning,Charlaine Harris,2011,Thriller,3.77,87066,"Amazon Digital Services,  Inc."
150,Deadlocked,Charlaine Harris,2012,Fantasy,3.65,65932,"Amazon Digital Services,  Inc."
151,Post Office,Charles Bukowski,1971,Literary Fiction,4.01,59295,HarperCollins Publishers
152,Ham on Rye,Charles Bukowski,1982,Literary Fiction,4.16,54140,"Amazon Digital Services,  Inc."
153,On the Origin of Species by Means of Natural Selection or the Preservation of Favoured Races in the Struggle for Life,Charles Darwin,1859,Essays/Journalism,3.97,64162,HarperCollins Publishers
154,David Copperfield,"Charles Dickens, Jeremy Tambling",1849,Classics,3.96,150512,Hachette Book Group
155,Bleak House,"Charles Dickens, Nicola Bradbury, Hablot Knight Browne",1853,Classics,4,67433,HarperCollins Publishers
156,The Power of Habit,Charles Duhigg,2011,Self-Help & Instruction,4.03,155977,HarperCollins Publishers
157,My Horizontal Life: A Collection of One-Night Stands,Chelsea Handler,2004,Biography/Autobiography/Memoir,3.79,83607,Simon and Schuster Digital Sales Inc
158,"Are You There, Vodka? It's Me, Chelsea",Chelsea Handler,2007,Biography/Autobiography,3.85,127096,Hachette Book Group
159,Chelsea Chelsea Bang Bang,Chelsea Handler,2010,Biography/Autobiography/Memoir,3.81,55355,"Amazon Digital Services,  Inc."
160,Five Point Someone: What Not to Do at IIT,Chetan Bhagat,2004,Literary Fiction,3.43,67438,"Amazon Digital Services,  Inc."
161,The 3 Mistakes of My Life,Chetan Bhagat,2008,Literary Fiction,2.97,53331,Random House LLC
162,Two States,Chetan Bhagat,2009,Romance,3.42,67866,"Amazon Digital Services,  Inc."
163,Americanah,Chimamanda Ngozi Adichie,2013,Literary Fiction,4.26,113252,"Amazon Digital Services,  Inc."
164,Midwives,Chris Bohjalian,1997,Literary Fiction,3.97,133155,Random House LLC
165,American Sniper: The Autobiography of the Most Lethal Sniper in U.S. Military History,"Chris Kyle, Scott McEwen, Jim DeFelice",2012,,3.97,61422,Macmillan
166,The Polar Express,Chris Van Allsburg,1985,Children's Literature,4.29,168001,"Amazon Digital Services,  Inc."
167,Beautiful Bastard,Christina Lauren,2013,Romance,4.05,111668,"Amazon Digital Services,  Inc."
168,Drowning Ruth,Christina Schwarz,2000,Literary Fiction,3.73,67768,"Amazon Digital Services,  Inc."
169,God is Not Great: How Religion Poisons Everything,Christopher Hitchens,2007,Essays/Journalism,3.96,64347,"Amazon Digital Services,  Inc."
170,"Born to Run: A Hidden Tribe, Superathletes, and the Greatest Race the World Has Never Seen",Christopher McDougall,2009,Biography/Autobiography/Memoir,4.27,109642,"Amazon Digital Services,  Inc."
171,"Lamb: The Gospel According to Biff, Christ's Childhood Pal",Christopher Moore,2002,Fantasy,4.26,118576,Random House LLC
172,A Dirty Job,Christopher Moore,2006,Fantasy,4.08,78523,"Amazon Digital Services,  Inc."
173,Inheritance,Christopher Paolini,2011,Fantasy,4.08,146905,Random House LLC
174,"Bud, Not Buddy",Christopher Paul Curtis,1999,Historical Fiction,3.89,73000,"Amazon Digital Services,  Inc."
175,"Sex, Drugs, and Cocoa Puffs: A Low Culture Manifesto",Chuck Klosterman,2003,Essays/Journalism,3.75,56548,"Amazon Digital Services,  Inc."
176,Invisible Monsters,Chuck Palahniuk,1999,Literary Fiction,4,54937,Simon and Schuster Digital Sales Inc
177,Survivor,Chuck Palahniuk,1999,Thriller,3.93,49551,HarperCollins Publishers
178,Lullaby,Chuck Palahniuk,2002,Horror,3.73,66713,Hachette Book Group
179,Diary,Chuck Palahniuk,2003,Essays/Journalism,3.6,58428,Hachette Book Group
180,Haunted: A Novel of Stories,Chuck Palahniuk,2005,Horror,3.59,68861,Simon and Schuster Digital Sales Inc
181,The Night Before Christmas,"Clement C. Moore, Jan Brett",1823,Chidren's Literature,4.36,81553,"Amazon Digital Services,  Inc."
182,Hopeless,Colleen Hoover,2012,Romance,4.34,189938,HarperCollins Publishers
183,Slammed,Colleen Hoover,2012,Romance,4.29,153882,"Amazon Digital Services,  Inc."
184,Point of Retreat,Colleen Hoover,2012,Romance,4.3,109344,"Amazon Digital Services,  Inc."
185,Maybe Someday,Colleen Hoover,2014,Romance,4.33,81707,Random House LLC
186,Ugly Love,Colleen Hoover,2014,Romance,4.3,107583,Random House LLC
187,Confess,Colleen Hoover,2015,Romance,4.25,72611,"Amazon Digital Services,  Inc."
188,It Ends with Us,Colleen Hoover,2016,Romance,4.44,80433,Penguin Group (USA) LLC
189,Brooklyn,Colm Toibin,2009,Literary Fiction,3.63,55459,"Amazon Digital Services,  Inc."
190,The Underground Railroad,Colson Whitehead,2016,Historical Fiction,4.04,72052,"Amazon Digital Services,  Inc."
191,Let the Great World Spin,Colum McCann,2009,Literary Fiction,3.93,71515,"Amazon Digital Services,  Inc."
192,Losing It,Cora Carmack,2012,Romance,3.77,84438,HarperCollins Publishers
193,Blood Meridian: Or the Evening Redness in the West,Cormac McCarthy,1985,Western,4.18,71095,Penguin Group (USA) LLC
194,All the Pretty Horses,Cormac McCarthy,1992,Literary Fiction,3.97,68451,"Amazon Digital Services,  Inc."
195,No Country for Old Men,Cormac McCarthy,2005,Thriller,4.12,100513,Simon and Schuster Digital Sales Inc
196,Tintenblut,"Cornelia Funke, Anthea Bell",2005,Fantasy,3.91,82291,"Amazon Digital Services,  Inc."
197,Blankets,Craig Thompson,2003,Young Adult,4.06,70454,"Amazon Digital Services,  Inc."
198,Harold and the Purple Crayon,Crockett Johnson,1955,Children's Literature,4.24,107221,"Amazon Digital Services,  Inc."
199,The Nest,Cynthia D'Aprix Sweeney,2016,Literary Fiction,3.45,79762,"Amazon Digital Services,  Inc."
200,Unearthly,Cynthia Hand,2011,Young Adult,4.06,99942,Hachette Book Group
201,The Art of Happiness: A Handbook for Living,"Dalai Lama XIV, Howard C. Cutler",1998,Self-Help and Instruction,4.14,61498,Random House LLC
202,Predictably Irrational: The Hidden Forces that Shape Our Decisions,Dan Ariely,2007,Essays/Journalism,4.1,61496,"Amazon Digital Services,  Inc."
203,Hyperion,Dan Simmons,1989,Science Fiction,4.21,122225,"Amazon Digital Services,  Inc."
204,The Fall of Hyperion,Dan Simmons,1990,Science Fiction,4.18,63235,Simon and Schuster Digital Sales Inc
205,The Boys in the Boat: Nine Americans and Their Epic Quest for Gold at the 1936 Berlin Olympics,Daniel James Brown,2013,Biography/Autobiography,4.32,113565,Hachette Book Group
206,"Thinking, Fast and Slow",Daniel Kahneman,2011,Self-Help & Instruction,4.08,136950,"Amazon Digital Services,  Inc."
207,Ishmael: An Adventure of the Mind and Spirit,Daniel Quinn,1992,Essays/Journalism,3.97,63304,Random House LLC
208,La Divina Commedia,"Dante Alighieri, Allen Mandelbaum, Eugenio Montale",1308,Classics,4.06,74130,"Amazon Digital Services,  Inc."
209,Inferno,"Dante Alighieri, Anthony M. Esolen",1320,Classics,3.99,87511,Hachette Book Group
210,The Maltese Falcon,Dashiell Hammett,1930,Mystery,3.92,58742,Hachette Book Group
211,What Is the What: The Autobiography of Valentino Achak Deng,Dave Eggers,2006,Biography/Autobiography/Memoir,4.16,59333,Penguin Group (USA) LLC
212,Zeitoun,Dave Eggers,2008,Biography/Autobiography/Memoir,4.08,55398,"Amazon Digital Services,  Inc."
213,The Circle,Dave Eggers,2013,Science Fiction,3.46,109412,Penguin Group (USA) LLC
214,Getting Things Done: How To Achieve Stress-free Productivity,David Allen,2001,Self-Help and Instruction,3.98,75665,"Amazon Digital Services,  Inc."
215,Absolute Power,David Baldacci,1995,Thriller,4.15,72481,Macmillan
216,The Camel Club,David Baldacci,2005,Thriller,4.02,58973,"Amazon Digital Services,  Inc."
217,City of Thieves,David Benioff,2008,Historical Fiction,4.28,68063,HarperCollins Publishers
218,Magician's Gambit,David Eddings,1983,Fantasy,4.13,69616,"Amazon Digital Services,  Inc."
219,Enchanters' End Game,David Eddings,1984,Fantasy,4.17,69134,"Amazon Digital Services,  Inc."
220,Snow Falling on Cedars,David Guterson,1994,Historical Fiction,3.8,131945,"Amazon Digital Services,  Inc."
221,What Doesn't Kill You,"David Lagercrantz, Stieg Larsson, George Goulding",2015,Thriller,3.73,53751,Random House LLC
222,Every Day,David Levithan,2012,Young Adult,3.99,121863,"Amazon Digital Services,  Inc."
223,1776,David McCullough,2005,Historical Fiction,4.06,130293,Random House LLC
224,The Bone Clocks,David Mitchell,2014,Science Fiction,3.81,53151,Random House LLC
225,Holidays on Ice,David Sedaris,1997,Humor,3.95,82591,"Amazon Digital Services,  Inc."
226,When You Are Engulfed in Flames,David Sedaris,2008,Essays/Journalism,4.04,150898,Hachette Book Group
227,Lets Explore Diabetes with Owls,David Sedaris,2013,Essays/Journalism,3.8,81616,Macmillan
228,The Story of Edgar Sawtelle,David Wroblewski,2008,Literary Fiction,3.6,70382,"Amazon Digital Services,  Inc."
229,Watchers,Dean Koontz,1987,Horror,4.16,109595,"Amazon Digital Services,  Inc."
230,Intensity,Dean Koontz,1987,Thriller,4.04,58062,"Amazon Digital Services,  Inc."
231,Shadow of Night,Deborah Harkness,2012,Fantasy,4.04,97925,"Amazon Digital Services,  Inc."
232,The Book of Life,Deborah Harkness,2014,Fantasy,4.15,63027,"Amazon Digital Services,  Inc."
233,Mystic River,Dennis Lehane,2001,Crime,4.19,86103,Random House LLC
234,Shutter Island,Dennis Lehane,2003,Thriller,4.07,113718,Penguin Group (USA) LLC
235,Voyager,Diana Gabaldon,1993,Historical Fiction,4.38,157395,"Amazon Digital Services,  Inc."
236,"Drums of Autumn (Outlander, #4)",Diana Gabaldon,1996,Historical Fiction,4.34,123736,"Amazon Digital Services,  Inc."
237,The Fiery Cross,Diana Gabaldon,2001,Historical Fiction,4.26,103552,Penguin Group (USA) LLC
238,A Breath of Snow and Ashes,Diana Gabaldon,2005,Fantasy,4.43,87098,Penguin Group (USA) LLC
239,An Echo in the Bone,Diana Gabaldon,2009,Historical Fiction,4.42,68854,Simon and Schuster Digital Sales Inc
240,Howl's Moving Castle,Diana Wynne Jones,1986,Fantasy,4.3,123945,"Amazon Digital Services,  Inc."
241,White Noise,Don DeLillo,1985,Literary Fiction,3.86,55678,"Amazon Digital Services,  Inc."
242,Corduroy,Don Freeman,1948,Children's Literature,4.28,160860,Simon and Schuster Digital Sales Inc
243,90 Minutes in Heaven,"Don Piper, Cecil Murphey",2004,Biography/Autobiography/Memoir,3.91,67937,"Amazon Digital Services,  Inc."
244,Blue Like Jazz: Nonreligious Thoughts on Christian Spirituality,Donald Miller,2003,Essays/Journalism,3.92,82090,"Amazon Digital Services,  Inc."
245,Team of Rivals: The Political Genius of Abraham Lincoln,"Doris Kearns Goodwin, Suzanne Toren",2005,Biography/Autobiography/Memoir,4.3,102923,"Amazon Digital Services,  Inc."
246,The Restaurant at the End of the Universe,Douglas Adams,1980,Science Fiction,4.22,153838,Penguin Group (USA) LLC
247,"Life, the Universe and Everything",Douglas Adams,1982,Science Fiction,4.19,131562,Hachette Book Group
248,"So Long, and Thanks for All the Fish",Douglas Adams,1984,Science Fiction,4.08,93774,HarperCollins Publishers
249,Dirk Gently's Holistic Detective Agency,Douglas Adams,1987,Science Fiction,3.97,89569,"Amazon Digital Services,  Inc."
250,Mostly Harmless,Douglas Adams,1992,Science Fiction,3.96,72426,Simon and Schuster Digital Sales Inc
251,Relic,"Douglas Preston, Lincoln Child",1995,Thriller,4.01,68011,Hachette Book Group
252,Horton Hears a Who!,Dr. Seuss,1954,Chidren's Literature,4.16,80883,"Amazon Digital Services,  Inc."
253,"One Fish, Two Fish, Red Fish, Blue Fish",Dr. Seuss,1960,Children's Literature,4.12,117582,Simon and Schuster Digital Sales Inc
254,Stuart Little,"E.B. White, Garth Williams",1945,Chidren's Literature,3.88,89033,"Amazon Digital Services,  Inc."
255,The Story of Art,E.H. Gombrich,1950,Self-Help & Instruction,3.83,164708,Hachette Book Group
256,Fifty Shades Freed,E.L. James,2012,Romance,4.13,76876,"Amazon Digital Services,  Inc."
257,Grey,E.L. James,2015,Romance,3.76,75320,Hachette Book Group
258,From the Mixed-Up Files of Mrs. Basil E. Frankweiler,E.L. Konigsburg,1967,Children's Literature,4.15,134537,"Amazon Digital Services,  Inc."
259,A Room with a View,E.M. Forster,1908,Literary Fiction,3.91,109994,"Amazon Digital Services,  Inc."
260,The Power of Now,Eckhart Tolle,1997,Self-Help and Instruction,4.1,104549,Penguin Group (USA) LLC
261,A New Earth: Awakening to Your Life's Purpose,Eckhart Tolle,2005,Self-Help and Instruction,4.02,106211,"Amazon Digital Services,  Inc."
262,Ethan Frome,Edith Wharton,1911,Literary Fiction,3.35,72421,HarperCollins Publishers
263,The Age of Innocence,"Edith Wharton, Maureen Howard",1920,Classics,3.93,102646,"Amazon Digital Services,  Inc."
264,The House of Mirth,"Edith Wharton, Nina Bawden",1905,Literary Fiction,3.94,60611,"Amazon Digital Services,  Inc."
265,"One Piece, Volume 01","Eiichiro Oda, Andy Nakatani",1997,Action,4.42,67047,"Amazon Digital Services,  Inc."
266,L'amica geniale,"Elena Ferrante, Ann Goldstein",2011,Literary Fiction,3.88,64637,Random House LLC
267,The Forty Rules of Love,Elif Shafak,2010,Romance,4.17,35283,"Amazon Digital Services,  Inc."
268,North and South,"Elizabeth Gaskell, Alan Shelston",1854,Classics,4.13,95274,"Amazon Digital Services,  Inc."
269,The Witch of Blackbird Pond,Elizabeth George Speare,1958,Historical Fiction,3.97,105770,Penguin Group (USA) LLC
270,The Signature of All Things,Elizabeth Gilbert,2012,Historical Fiction,3.81,61135,"Amazon Digital Services,  Inc."
271,Olive Kitteridge,Elizabeth Strout,2008,Literary Fiction,3.78,85019,"Amazon Digital Services,  Inc."
272,Seriously...I'm Kidding,Ellen DeGeneres,2011,Biography/Autobiography/Memoir,3.72,74358,Hachette Book Group
273,"Crank (Crank, #1)",Ellen Hopkins,2004,Young Adult,4.16,104168,"Amazon Digital Services,  Inc."
274,The Westing Game,Ellen Raskin,1978,Young Adult,4.03,117108,"Amazon Digital Services,  Inc."
275,The Complete Poems of Emily Dickinson,"Emily Dickinson, Thomas H. Johnson",1890,Essays/Journalism,4.21,60278,"Amazon Digital Services,  Inc."
276,Baby Proof,Emily Giffin,2006,Romance,3.71,124371,Macmillan
277,Love the One You're With,Emily Giffin,2008,Romance,3.7,124812,Simon and Schuster Digital Sales Inc
278,Heart of the Matter,Emily Giffin,2010,Literary Fiction,3.73,83461,Simon and Schuster Digital Sales Inc
279,Where We Belong,Emily Giffin,2012,Romance,3.86,68224,"Amazon Digital Services,  Inc."
280,The Hunger Games Tribute Guide,Emily Seife,2012,Young Adult,4.4,67264,"Amazon Digital Services,  Inc."
281,The Girls,Emma Cline,2016,Thriller,3.49,76761,Random House LLC
282,The Scarlet Pimpernel,Emmuska Orczy,1905,Adventure,4.06,93217,Hachette Book Group
283,The Arctic Incident,Eoin Colfer,2002,Fantasy,3.94,108031,"Amazon Digital Services,  Inc."
284,The Eternity Code,Eoin Colfer,2003,Science Fiction,4.04,94437,"Amazon Digital Services,  Inc."
285,The Opal Deception,Eoin Colfer,2005,Fantasy,4.04,95638,"Amazon Digital Services,  Inc."
286,The Lost Colony,Eoin Colfer,2006,Young Adult,4.01,103844,"Amazon Digital Services,  Inc."
287,The Snow Child,Eowyn Ivey,2012,Fantasy,3.95,72328,"Amazon Digital Services,  Inc."
288,The Lean Startup,Eric Ries,2011,Self-Help and Instruction,4.04,86284,"Amazon Digital Services,  Inc."
289,"In the Garden of Beasts: Love, Terror, and an American Family in Hitler's Berlin",Erik Larson,2011,Historical Fiction,3.81,110481,"Amazon Digital Services,  Inc."
290,Dead Wake: The Last Crossing of the Lusitania,Erik Larson,2015,Historical Fiction,4.07,61439,Penguin Group (USA) LLC
291,A Moveable Feast,Ernest Hemingway,1964,Biography/Autobiography/Memoir,4.04,69992,Penguin Group (USA) LLC
292,"Caps for sale: a tale of a peddler, some monkeys and their monkey business",Esphyr Slobodkina,1938,Young Adult,4.12,72504,"Amazon Digital Services,  Inc."
293,Brideshead Revisited: The Sacred and Profane Memories of Captain Charles Ryder,Evelyn Waugh,1945,Literary Fiction,3.99,69087,"Amazon Digital Services,  Inc."
294,The Snowy Day,Ezra Jack Keats,1962,Children's Literature,4.13,81914,"Amazon Digital Services,  Inc."
295,Tender Is the Night,F. Scott Fitzgerald,1933,Literary Fiction,3.83,79008,"Amazon Digital Services,  Inc."
296,Anne Rice's The Vampire Lestat: The Graphic Novel,"Faye Perozich, Anne Rice, John Bolton, Daerick Gross",1989,Fantasy,4.17,61842,"Amazon Digital Services,  Inc."
297,Sybil,Flora Rheta Schreiber,1973,Literary Fiction,3.99,72493,HarperCollins Publishing
298,A Little Princess,"Frances Hodgson Burnett, Nancy Bond",1905,Children's Literature,4.2,199872,Random House LLC
299,Crazy Love: Overwhelmed by a Relentless God,"Francis Chan, Danae Yankoski, Chris Tomlin",2008,Essays/Journalism,4.15,106351,Macmillan
300,This Present Darkness,Frank E. Peretti,1986,Horror,4.24,71815,"Amazon Digital Services,  Inc."
301,Dune Messiah ,Frank Herbert,1969,Science Fiction,3.86,82580,"Amazon Digital Services,  Inc."
302,Children of Dune,Frank Herbert,1976,Science Fiction,3.9,74133,"Amazon Digital Services,  Inc."
303,Batman: Year One,"Frank Miller, David Mazzucchelli, Richmond Lewis, Dennis O'Neil",1987,Action,4.23,145267,HarperCollins Publishers
304,Batman: The Dark Knight Returns,"Frank Miller, Klaus Janson, Lynn Varley",1986,Action,4.25,135979,"Amazon Digital Services,  Inc."
305,PostSecret: Extraordinary Confessions from Ordinary Lives,Frank Warren,2005,Essays/Journalism,4.01,58841,"Amazon Digital Services,  Inc."
306,The Trial,"Franz Kafka, Edwin Muir, Willa Muir, Max Brod",1925,Literary Fiction,3.98,131856,"Amazon Digital Services,  Inc."
307,Old Yeller,Fred Gipson,1956,Young Adult,4.06,69815,Macmillan
308,The Day of the Jackal,Frederick Forsyth,1971,Thriller,4.25,85883,"Amazon Digital Services,  Inc."
309,Also sprach Zarathustra,"Friedrich Nietzsche, Walter Kaufmann",1883,Philosophy,4.05,65362,Penguin Group (USA) LLC
310,Crime and Punishment,"Fyodor Dostoyevsky, Andrew R. MacAndrew, Ben Marcus",1864,Literary Fiction,4.17,65900,Random House LLC
311,The Idiot,"Fyodor Dostoyevsky, Constance Garnett, Alan Myers, Joseph Frank, Anna Brailovsky",1868,Classics,4.18,74642,Penguin Group (USA) LLC
312,Chronicle of a Death Foretold,"Gabriel García Márquez, Gregory Rabassa",1981,Literary Fiction,3.95,56200,Simon and Schuster Digital Sales Inc
313,The Storied Life of A.J. Fikry,Gabrielle Zevin,2014,Literary Fiction,3.98,115393,Random House LLC
314,Sabriel,Garth Nix,1995,Fantasy,4.17,137047,Random House LLC
315,Lirael,Garth Nix,2001,Fantasy,4.29,78903,Penguin Group (USA) LLC
316,Abhorsen,Garth Nix,2003,Fantasy,4.29,80740,"Amazon Digital Services,  Inc."
317,The Phantom of the Opera,"Gaston Leroux, Alexander Teixeira de Mattos",1909,Classics,3.97,141110,"Amazon Digital Services,  Inc."
318,Tales of Caunterbury,"Geoffrey Chaucer, Nevill Coghill",1390,Literary Fiction,3.48,148480,"Amazon Digital Services,  Inc."
319,Pygmalion,George Bernard Shaw,1912,Literary Fiction,3.9,70079,"Amazon Digital Services,  Inc."
320,Middlemarch,"George Eliot, Michel Faber",1871,Classics,3.93,95995,"Amazon Digital Services,  Inc."
321, Animal Farm & 1984,"George Orwell, Christopher Hitchens",1950,Dystopian Fiction,4.26,116197,"Amazon Digital Services,  Inc."
322,A Storm of Swords: Part 2 Blood and Gold,George R.R. Martin,2000,Fantasy,4.56,54977,"Amazon Digital Services,  Inc."
323,Year of Wonders: A Novel of the Plague,Geraldine Brooks,2001,Historical Fiction,4,104283,"Amazon Digital Services,  Inc."
324,People of the Book,Geraldine Brooks,2008,Historical Fiction,4,95796,Penguin Group (USA) LLC
325,The Boxcar Children,"Gertrude Chandler Warner, L. Kate Deal",1942,Chidren's Literature,4.09,92916,Simon and Schuster Digital Sales Inc
326,The Rosie Effect,Graeme Simsion,2014,Romance,3.56,27308,Macmillan
327,Shantaram,Gregory David Roberts,2003,Literary Fiction,4.26,95213,"Amazon Digital Services,  Inc."
328,The Happiness Project,Gretchen Rubin,2009,Self-Help and Instruction,3.57,94456,"Amazon Digital Services,  Inc."
329,The Strain,"Guillermo del Toro, Chuck Hogan",2009,Horror,3.77,58631,"Amazon Digital Services,  Inc."
330,Madame Bovary,"Gustave Flaubert, Margaret Mauldon, Malcolm Bowie, Mark Overstall",1856,Classics,3.64,158877,"Amazon Digital Services,  Inc."
331,Curious George,H.A. Rey,1941,Children's Literature,4.13,105473,"Amazon Digital Services,  Inc."
332,The Island of Dr. Moreau,H.G. Wells,1896,Science Fiction,3.72,60346,"Amazon Digital Services,  Inc."
333,The Invisible Man,H.G. Wells,1897,Science Fiction,3.62,84778,Macmillan
334,The War of the Worlds,"H.G. Wells, Arthur C. Clarke",1897,Science Fiction,3.8,159752,"Amazon Digital Services,  Inc."
335,"Attack on Titan, Volume 1","Hajime Isayama, Sheldon Drzka",2010,Action,4.42,82565,"Amazon Digital Services,  Inc."
336,Eventyr og historier,"Hans Christian Andersen, Lily Owens, Arthur Rackham, Hans Richter",1835,Children's Literature,4.28,90999,"Amazon Digital Services,  Inc."
337,A Little Life,Hanya Yanagihara,2015,Literary Fiction,4.27,66782,"Amazon Digital Services,  Inc."
338,Tell No One,Harlan Coben,2001,Thriller,4.11,78070,"Amazon Digital Services,  Inc."
339,Go Set a Watchman,Harper Lee,2015,Literary Fiction,3.31,138669,"Amazon Digital Services,  Inc."
340,Uncle Tom's Cabin or Life Among the Lowly,Harriet Beecher Stowe,1852,Historical Fiction,3.83,137858,HarperCollins Publishers
341,Miss Nelson Is Missing!,"Harry Allard, James  Marshall",1977,Chidren's Literature,4.26,77206,Penguin Group (USA) LLC
342,Pinball,"Haruki Murakami, Alfred Birnbaum",1985,Literary Fiction,4.15,63764,"Amazon Digital Services,  Inc."
343,After Dark,"Haruki Murakami, Jay Rubin",2004,Literary Fiction,3.68,64278,"Amazon Digital Services,  Inc."
344,1Q84,"Haruki Murakami, Jay Rubin, Philip Gabriel",2009,Literary Fiction,3.89,125195,"Amazon Digital Services,  Inc."
345,Sputnik Sweetheart,"Haruki Murakami, Philip Gabriel",1999,Literary Fiction,3.82,62229,Penguin Group (USA) LLC
346,Colorless Tsukuru Tazaki and His Years of Pilgrimage,"Haruki Murakami, Philip Gabriel",2013,Literary Fiction,3.82,67873,"Amazon Digital Services,  Inc."
347,Bridget Jones: The Edge of Reason,Helen Fielding,1999,Romance,3.53,73093,"Amazon Digital Services,  Inc."
348,The Story of My Life,Helen Keller,1902,Biography/Autobiography/Memoir,4.07,107313,"Amazon Digital Services,  Inc."
349,Major Pettigrew's Last Stand,Helen Simonson,2010,Literary Fiction,3.87,97745,Simon and Schuster Digital Sales Inc
350,The Golem and the Jinni,Helene Wecker,2013,Fantasy,4.1,59650,"Amazon Digital Services,  Inc."
351,Et dukkehjem,"Henrik Ibsen, Michael   Meyer",1879,Classics,3.69,69450,Hachette Book Group
352,Walden; or Life in the Woods,Henry David Thoreau,1854,Essays/Journalism,3.79,108062,Random House LLC
353,Het diner,"Herman Koch, Sam Garrett",2009,Thriller,3.22,74979,"Amazon Digital Services,  Inc."
354,Steppenwolf,"Hermann Hesse, Basil Creighton",1927,Literary Fiction,4.11,80769,"Amazon Digital Services,  Inc."
355,Wolf Hall,Hilary Mantel,2009,Historical Fiction,3.85,102936,Penguin Group (USA) LLC
356,Fairy Tail 1,"Hiro Mashima, William Flanagan",2006,Fantasy,4.4,65477,"Amazon Digital Services,  Inc."
357,"Fullmetal Alchemist, Volume 1","Hiromu Arakawa, Akira Watanabe",2002,Fantasy,4.49,93990,"Amazon Digital Services,  Inc."
358,A People's History of the United States: 1492 to Present ,Howard Zinn,1980,Essays/Journalism,4.07,137372,"Amazon Digital Services,  Inc."
359,Wool Omnibus,Hugh Howey,2012,Science Fiction,4.24,81982,Penguin Group (USA) LLC
360,My Life Next Door ,Huntley Fitzpatrick,2012,Romance,4.02,102012,Simon and Schuster Digital Sales Inc
361,Rosemary's Baby,Ira Levin,1967,Horror,3.96,78766,"Amazon Digital Services,  Inc."
362,The Joy of Cooking,"Irma S. Rombauer, Marion Rombauer Becker, Ethan Becker",1931,Self-Help and Instruction,4.14,102348,Hachette Book Group
363,Trainspotting,"Irvine Welsh, Eric Lindor Fall",1993,Literary Fiction,4.07,59453,Random House LLC
364,The Agony and the Ecstasy: A Biographical Novel of Michelangelo,Irving Stone,1958,Biography/Autobiography/Memoir,4.09,61256,"Amazon Digital Services,  Inc."
365,Foundation and Empire,Isaac Asimov,1952,Science Fiction,4.2,105595,"Amazon Digital Services,  Inc."
366,Second Foundation,Isaac Asimov,1953,Science Fiction,4.23,96865,HarperCollins Publishers
367,The Foundation Trilogy,Isaac Asimov,1953,Science Fiction,4.39,72311,HarperCollins Publishers
368,Warm Bodies,Isaac Marion,2010,Horror,3.93,66381,"Amazon Digital Services,  Inc."
369,The House of the Spirits,"Isabel Allende, Magda Bogin",1982,Literary Fiction,4.2,119930,Simon and Schuster Digital Sales Inc
370,Hija de la fortuna,"Isabel Allende, Margaret Sayers Peden",1998,Historical Fiction,3.89,89770,"Amazon Digital Services,  Inc."
371,A Long Way Gone. Memoirs of a Boy Soldier,Ishmael Beah,2007,Biography/Autobiography/Memoir,4.14,116260,"Amazon Digital Services,  Inc."
372,Wait for You,"J. Lynn, Jennifer L. Armentrout",2013,Romance,4.19,106236,"Amazon Digital Services,  Inc."
373,The Edge of Never,J.A. Redmerski,2012,Romance,4.26,117508,Simon and Schuster Digital Sales Inc
374,Naked in Death,J.D. Robb,1995,Crime,4.13,78028,HarperCollins Publishers
375,Nine Stories,J.D. Salinger,1953,Literary Fiction,4.19,105138,"Amazon Digital Services,  Inc."
376,Hillbilly Elegy. A Memoir of a Family and Culture in Crisis,J.D. Vance,2016,Biography/Autobiography/Memoir,3.99,80737,"Amazon Digital Services,  Inc."
377,Disgrace,J.M. Coetzee,1999,Literary Fiction,3.83,50422,Random House LLC
378,"Lover Awakened (Black Dagger Brotherhood, #3)",J.R. Ward,2006,Fantasy,4.45,134249,Simon and Schuster Digital Sales Inc
379,"Lover Eternal (Black Dagger Brotherhood, #2)",J.R. Ward,2006,Romance,4.35,137558,Random House LLC
380,Lover Revealed,J.R. Ward,2007,Romance,4.3,97830,"Amazon Digital Services,  Inc."
381,Lover Unbound,J.R. Ward,2007,Romance,4.33,97514,"Amazon Digital Services,  Inc."
382,"Lover Enshrined, part one",J.R. Ward,2008,Romance,4.12,87432,Random House LLC
383,"Lover Enshrined, part two",J.R. Ward,2009,Fantasy,4.38,84650,Macmillan
384,"Lover Avenged, part one",J.R. Ward,2010,Fantasy,4.41,82824,"Amazon Digital Services,  Inc."
385,The Hobbit and The Lord of the Rings,J.R.R. Tolkien,1973,Fantasy,4.59,90907,"Amazon Digital Services,  Inc."
386,The Silmarillion,"J.R.R. Tolkien, Christopher Tolkien, Ted Nasmith",1977,Fantasy,3.87,134106,Random House LLC
387,The Dharma Bums,Jack Kerouac,1958,Literary Fiction,3.94,62454,"Amazon Digital Services,  Inc."
388,White Fang,Jack London,1906,Adventure,3.94,100223,Random House LLC
389,Brothers Grimm: Children's and Household Tales,"Jacob Grimm, Wilhelm Grimm, Josef Scharl, Padraic Colum, Joseph Campbell, Margaret Raine Hunt, James Stern",1812,Children's Literature,4.31,116324,"Amazon Digital Services,  Inc."
390,The Deep End of the Ocean,Jacquelyn Mitchard,1996,Literary Fiction,3.84,102733,"Amazon Digital Services,  Inc."
391,Hawaii,James A. Michener,1959,Historical Fiction,4.18,59963,"Amazon Digital Services,  Inc."
392,Good to Great: Why Some Companies Make the Leap... and Others Don't,James C. Collins,2001,Business/Leadership,4.04,85277,"Amazon Digital Services,  Inc."
393,"Sh?gun""",James Clavell,1975,Historical Fiction,4.37,104339,Hachette Book Group
394,The Kill Order,James Dashner,2012,Science Fiction,3.69,96568,Random House LLC
395,The Black Dahlia,James Ellroy,1987,Crime,3.75,61412,Random House LLC
396,The Last of the Mohicans: A Narrative of 1757,James Fenimore Cooper,1826,Historical Fiction,3.69,67632,"Amazon Digital Services,  Inc."
397,All Creatures Great And Small,James Herriot,1972,Historical Fiction,4.31,64779,"Amazon Digital Services,  Inc."
398,Ulysses,James Joyce,1922,Literary Fiction,3.74,76791,"Amazon Digital Services,  Inc."
399,Dubliners,"James Joyce, Jeri Johnson",1914,Literary Fiction,3.85,73140,Random House LLC
400,A Portrait of the Artist as a Young Man,"James Joyce, Seamus Deane",1916,Classics,3.6,92569,Random House LLC
401,The Color of Water: A Black Man's Tribute to His White Mother,James McBride,1996,Biography/Autobiography/Memoir,4.06,80906,"Amazon Digital Services,  Inc."
402,Suzanne's Diary for Nicholas,James Patterson,2001,Romance,4.16,121398,Random House LLC
403,Sam's Letters To Jennifer,James Patterson,2001,Romance,4.15,77538,Hachette Book Group
404,The Angel Experiment,James Patterson,2005,Science Fiction,4.08,172302,"Amazon Digital Services,  Inc."
405,School's Out Forever,James Patterson,2006,Young Adult,4.16,90157,"Amazon Digital Services,  Inc."
406,Saving The World and Other Extreme Sports,James Patterson,2006,Adventure,4.16,75436,Hachette Book Group
407,2nd Chance,"James Patterson, Andrew Gross",2002,Thriller,4.01,68834,HarperCollins Publishers
408,The Beach House,"James Patterson, Peter de Jonge",2002,Romance,3.82,68676,"Amazon Digital Services,  Inc."
409,The Celestine Prophecy,James Redfield,1993,Spirituality,3.6,72675,Penguin Group (USA) LLC
410,Leviathan Wakes,James S.A. Corey,2011,Science Fiction,4.2,68416,HarperCollins Publishers
411,Walking Disaster,Jamie McGuire,2013,Romance,4.23,134022,"Amazon Digital Services,  Inc."
412,I'll Give You the Sun,Jandy Nelson,2014,Young Adult,4.14,140937,Simon and Schuster Digital Sales Inc
413,Mr Maybe,Jane Green,1999,Romance,3.41,78132,"Amazon Digital Services,  Inc."
414,Jemima J,Jane Green,2001,Romance,3.62,101436,"Amazon Digital Services,  Inc."
415,A Map of the World,"Jane Hamilton, Frank  Muller, C.J. Critt",1992,Literary Fiction,3.78,61347,"Amazon Digital Services,  Inc."
416,Stellaluna,Janell Cannon,1993,Children's Literature,4.22,87423,"Amazon Digital Services,  Inc."
417,Two for the Dough,Janet Evanovich,1996,Crime,4.11,116171,"Amazon Digital Services,  Inc."
418,Three to Get Deadly,Janet Evanovich,1997,Crime,4.14,113400,Hachette Book Group
419,Four to Score ,Janet Evanovich,1998,Crime,4.17,106871,"Amazon Digital Services,  Inc."
420,High Five,Janet Evanovich,1999,Crime,4.17,92737,"Amazon Digital Services,  Inc."
421,Hot Six,Janet Evanovich,2000,Thriller,4.18,99329,"Amazon Digital Services,  Inc."
422,Seven Up,Janet Evanovich,2001,Crime,4.15,94506,HarperCollins Publishers
423,"Janet Evanovich Three and Four Two-Book Set (Stephanie Plum, #3-4)",Janet Evanovich,2002,Mystery,4.34,63691,HarperCollins Publishers
424,To the Nines,Janet Evanovich,2003,Crime,4.16,86963,Penguin Group (USA) LLC
425,Eleven on Top,Janet Evanovich,2005,Mystery,4.15,84363,Penguin Group (USA) LLC
426,Hard Eight,"Janet Evanovich, Lorelei King",2002,Crime,4.17,93057,Random House LLC
427,Rework,"Jason Fried, David Heinemeier Hansson",2010,Business/Leadership,3.93,88626,Simon and Schuster Digital Sales Inc
428,The Eyre Affair,Jasper Fforde,2001,Fantasy,3.92,85683,"Amazon Digital Services,  Inc."
429,The Amityville Horror,Jay Anson,1977,Horror,3.82,80959,Hachette Book Group
430,A Stolen Life,Jaycee Dugard,2011,Biography/Autobiography/Memoir,3.89,72713,"Amazon Digital Services,  Inc."
431,Halfway to the Grave,Jeaniene Frost,2007,Fantasy,4.18,106608,"Amazon Digital Services,  Inc."
432,Half Broke Horses: A True Life Novel,Jeannette Walls,2008,Historical Fiction,4.05,110597,Penguin Group (USA) LLC
433,Rodrick Rules,Jeff Kinney,2008,Children's Literature,4.1,91831,"Amazon Digital Services,  Inc."
434,The Last Straw,Jeff Kinney,2009,Children's Literature,4.11,82518,"Amazon Digital Services,  Inc."
435,Dog Days,Jeff Kinney,2009,Children's Literature,4.14,78592,"Amazon Digital Services,  Inc."
436,The Ugly Truth,Jeff Kinney,2010,Children's Literature,4.16,68701,"Amazon Digital Services,  Inc."
437,Cabin Fever,Jeff Kinney,2010,Horror,4.21,63347,Penguin Group (USA) LLC
438,Out from Boneville,"Jeff Smith, Steve Hamaker",1993,Fantasy,4.16,62330,"Amazon Digital Services,  Inc."
439,The Bone Collector,Jeffery Deaver,1997,Thriller,4.18,120541,Random House LLC
440,Kane and Abel,Jeffrey Archer,1979,Thriller,4.27,74052,"Amazon Digital Services,  Inc."
441,The Virgin Suicides,Jeffrey Eugenides,1993,Literary Fiction,3.83,159249,Penguin Group (USA) LLC
442,The Marriage Plot,Jeffrey Eugenides,2011,Literary Fiction,3.42,90551,Random House LLC
443,Those Who Save Us,Jenna Blum,2004,Historical Fiction,4.12,68480,"Amazon Digital Services,  Inc."
444,Bet Me,Jennifer Crusie,2004,Romance,3.95,70737,Random House LLC
445,The Statistical Probability of Love at First Sight,Jennifer E. Smith,2012,Romance,3.8,89356,"Amazon Digital Services,  Inc."
446,A Visit From the Goon Squad,Jennifer Egan,2010,Literary Fiction,3.64,120126,Macmillan
447,Obsidian,Jennifer L. Armentrout,2011,Fantasy,4.23,164832,Penguin Group (USA) LLC
448,Onyx,Jennifer L. Armentrout,2012,Young Adult,4.33,111448,Random House LLC
449,Opal,Jennifer L. Armentrout,2012,Young Adult,4.34,92014,"Amazon Digital Services,  Inc."
450,All the Bright Places,Jennifer Niven,2015,Young Adult,4.19,132087,HarperCollins Publishers
451,The Marriage Bargain,Jennifer Probst,2012,Romance,3.81,91630,Random House LLC
452,Little Earthquakes,Jennifer Weiner,2004,Literary Fiction,3.76,77592,Random House LLC
453,Let's Pretend This Never Happened (A Mostly True Memoir),Jenny  Lawson,2012,Biography/Autobiography/Memoir,3.9,118475,"Amazon Digital Services,  Inc."
454,The Summer I Turned Pretty,Jenny Han,2009,Romance,3.96,104730,"Amazon Digital Services,  Inc."
455,It's Not Summer Without You,Jenny Han,2010,Romance,4.14,80367,"Amazon Digital Services,  Inc."
456,To All the Boys I've Loved Before,Jenny Han,2014,Young Adult,4.11,136938,"Amazon Digital Services,  Inc."
457,Maniac Magee,Jerry Spinelli,1990,Young Adult,3.86,99831,"Amazon Digital Services,  Inc."
458,Beautiful Ruins,Jess Walter,2012,Literary Fiction,3.67,116053,Random House LLC
459,Me and Earl and the Dying Girl,Jesse Andrews,2012,Young Adult,3.58,82270,Random House LLC
460,Luckiest Girl Alive,Jessica Knoll,2015,Thriller,3.48,82504,Simon and Schuster Digital Sales Inc
461,The Coincidence of Callie & Kayden,Jessica Sorensen,2012,Romance,4.21,97615,"Amazon Digital Services,  Inc."
462,The Miniaturist,Jessie Burton,2014,Historical Fiction,3.58,56344,HarperCollins Publishers
463,Interpreter of Maladies,Jhumpa Lahiri,1999,Literary Fiction,4.12,110651,Penguin Group (USA) LLC
464,Unaccustomed Earth,Jhumpa Lahiri,2008,Literary Fiction,4.11,60126,"Amazon Digital Services,  Inc."
465,The Lowland,Jhumpa Lahiri,2013,Literary Fiction,3.82,62231,"Amazon Digital Services,  Inc."
466,Fool Moon ,Jim Butcher,2001,Fantasy,4.04,111371,Macmillan
467,Grave Peril,Jim Butcher,2001,Fantasy,4.18,97736,"Amazon Digital Services,  Inc."
468,Summer Knight,Jim Butcher,2002,Fantasy,4.3,91012,"Amazon Digital Services,  Inc."
469,Death Masks,Jim Butcher,2003,Fantasy,4.32,83664,"Amazon Digital Services,  Inc."
470,Blood Rites,Jim Butcher,2004,,4.33,79627,"Amazon Digital Services,  Inc."
471,Furies of Calderon ,Jim Butcher,2004,Fantasy,4.12,70269,"Amazon Digital Services,  Inc."
472,Dead Beat,Jim Butcher,2005,Fantasy,4.43,78123,"Amazon Digital Services,  Inc."
473,Proven Guilty,Jim Butcher,2006,Fantasy,4.41,75133,Simon and Schuster Digital Sales Inc
474,White Night,Jim Butcher,2007,Fantasy,4.41,73534,"Amazon Digital Services,  Inc."
475,Small Favor,Jim Butcher,2008,Fantasy,4.43,70029,Random House LLC
476,One Thousand White Women: The Journals of May Dodd,Jim Fergus,1998,Historical Fiction,3.88,84367,"Amazon Digital Services,  Inc."
477,The Year of Magical Thinking,Joan Didion,2005,Biography/Autobiography/Memoir,3.86,94590,"Amazon Digital Services,  Inc."
478,Chocolat,Joanne Harris,1998,Romance,3.95,84770,"Amazon Digital Services,  Inc."
479,This Man,Jodi Ellen Malpas,2012,Romance,4.13,79461,"Amazon Digital Services,  Inc."
480,Keeping Faith,Jodi Picoult,1999,Romance,3.79,62405,"Amazon Digital Services,  Inc."
481,Plain Truth,Jodi Picoult,2000,Mystery,3.97,128406,"Amazon Digital Services,  Inc."
482,Vanishing Acts,Jodi Picoult,2005,Mystery,3.68,79662,Random House LLC
483,The Tenth Circle,Jodi Picoult,2006,Horror,3.48,99170,"Amazon Digital Services,  Inc."
484,Change of Heart,Jodi Picoult,2008,Romance,3.91,86471,Simon and Schuster Digital Sales Inc
485,Handle with Care,Jodi Picoult,2009,Romance,3.96,90138,HarperCollins Publishers
486,House Rules,Jodi Picoult,2010,Literary Fiction,4.01,111239,HarperCollins Publishers
487,Sing You Home,Jodi Picoult,2011,Romance,3.76,62494,"Amazon Digital Services,  Inc."
488,The Storyteller,Jodi Picoult,2013,Literary Fiction,4.26,109313,"Amazon Digital Services,  Inc."
489,Leaving Time,Jodi Picoult,2014,Mystery,3.94,76553,"Amazon Digital Services,  Inc."
490,Small Great Things,Jodi Picoult,2016,Literary Fiction,4.35,73745,Penguin Group (USA) LLC
491,The Blade Itself,Joe Abercrombie,2006,Fantasy,4.14,97501,Random House LLC
492,Before They Are Hanged,Joe Abercrombie,2007,Fantasy,4.27,68865,Random House LLC
493,Last Argument of Kings,Joe Abercrombie,2008,Fantasy,4.26,65068,Macmillan
494,The Forever War,Joe Haldeman,1974,Science Fiction,4.15,87636,"Amazon Digital Services,  Inc."
495,Heart-Shaped Box,Joe Hill,2007,Horror,3.82,65005,"Amazon Digital Services,  Inc."
496,Horns,Joe Hill,2009,Horror,3.92,66287,Hachette Book Group
497,Der Schweizerische Robinson,"Johann David Wyss, Scott McKowen, Arthur Pober",1812,Adventure,3.92,78355,"Amazon Digital Services,  Inc."
498,Heidi,"Johanna Spyri, Angelo  Rinaldi, Beverly Cleary",1880,Children's Literature,3.97,144497,Penguin Group (USA) LLC
499,Midnight in the Garden of Good and Evil,John Berendt,1994,Mystery,3.9,167997,Hachette Book Group
500,The Pilgrim's Progress,John Bunyan,1678,Classics,3.98,67777,Penguin Group (USA) LLC
501,"The History of the Hobbit, Part One: Mr. Baggins","John D. Rateliff, J.R.R. Tolkien",2007,Fantasy,3.81,108399,"Amazon Digital Services,  Inc."
502,The Ruins of Gorlan,John Flanagan,2004,Fantasy,4.2,83085,Random House LLC
503,The Burning Bridge,John Flanagan,2005,Fantasy,4.28,74156,Macmillan
504,"The Battle for Skandia (Ranger's Apprentice, #4)",John Flanagan,2006,Adventure,4.32,60959,"Amazon Digital Services,  Inc."
505,"Men Are from Mars, Women Are from Venus Book of Days: 365 Inspirations to Enrich Your Relationships",John Gray,1998,Self-Help & Instruction,3.52,113915,"Amazon Digital Services,  Inc."
506,Let It Snow: Three Holiday Romances,"John Green, Maureen Johnson, Lauren Myracle",2008,Romance,3.84,57632,Penguin Group (USA) LLC
507,The Chamber,John Grisham,1994,Crime,3.76,102715,"Amazon Digital Services,  Inc."
508,The Rainmaker,John Grisham,1995,Thriller,3.91,137412,"Amazon Digital Services,  Inc."
509,The Partner,John Grisham,1997,Thriller,3.89,86870,"Amazon Digital Services,  Inc."
510,The Street Lawyer,John Grisham,1998,Crime,3.81,80577,Random House LLC
511,The Testament,John Grisham,1999,Thriller,3.83,80377,Random House LLC
512,The Brethren,John Grisham,2000,Thriller,3.71,69351,Penguin Group (USA) LLC
513,A Painted House,John Grisham,2001,Literary Fiction,3.67,59974,"Amazon Digital Services,  Inc."
514,The King of Torts,John Grisham,2003,Thriller,3.67,61835,HarperCollins Publishers
515,The Last Juror,John Grisham,2004,Crime,3.85,63114,Penguin Group (USA) LLC
516,The Broker,John Grisham,2005,Thriller,3.77,65428,"Amazon Digital Services,  Inc."
517,The Racketeer,John Grisham,2012,Thriller,3.79,48286,"Amazon Digital Services,  Inc."
518,Sycamore Row,John Grisham,2013,Legal Thriller,3.98,56315,Penguin Group (USA) LLC
519,Gray Mountain,John Grisham,2014,Thriller,3.52,37379,"Amazon Digital Services,  Inc."
520,The Cider House Rules,John Irving,1985,Literary Fiction,4.1,124876,"Amazon Digital Services,  Inc."
521,A Separate Peace,John Knowles,1959,Literary Fiction,3.56,155901,"Amazon Digital Services,  Inc."
522,Paradise Lost,"John Milton, John      Leonard",1667,Classics,3.8,96316,"Amazon Digital Services,  Inc."
523,Old Man's War,John Scalzi,2005,Science Fiction,4.23,97653,Macmillan
524,Cannery Row ,John Steinbeck,1945,Literary Fiction,4.02,81598,HarperCollins Publishers
525,The Pearl of the World,John Steinbeck,1947,Children's Literature,3.41,133264,"Amazon Digital Services,  Inc."
526,The Girl You Left Behind,Jojo Moyes,2012,Historical Fiction,3.95,80991,Random House LLC
527,The One Plus One,Jojo Moyes,2014,Romance,3.94,87412,Hachette Book Group
528,After You,Jojo Moyes,2015,Romance,3.7,99342,"Amazon Digital Services,  Inc."
529,Under the Banner of Heaven: A Story of Violent Faith,Jon Krakauer,2003,Essays/Journalism,3.98,112167,"Amazon Digital Services,  Inc."
530,The Psychopath Test,Jon Ronson,2011,Essays/Journalism,3.91,44097,Macmillan
531,The True Story of the Three Little Pigs,"Jon Scieszka, Lane Smith",1989,Children's Literature,4.29,141945,"Amazon Digital Services,  Inc."
532,The Stinky Cheese Man and Other Fairly Stupid Tales,"Jon Scieszka, Lane Smith",1992,Chidren's Literature,4.2,78487,"Amazon Digital Services,  Inc."
533,America (The Book): A Citizen's Guide to Democracy Inaction,"Jon Stewart, Ben Karlin, David Javerbaum, Rich Bloomquist, Steve Bodow, Tim Carvell, Eric Drysdale, J.R. Havlan, Scott Jacobson, Tom Johnson, Rob Kutner, Chris Regan, Jason Reich, Jason Ross, Stephen Colbert, Samantha Bee, Rob Corddry, Brendan Hay, Ed Helms",2004,Essays/Journalism,4.02,74511,Random House LLC
534,The Monster at the End of This Book,"Jon Stone, Michael J. Smollin",1971,Children's Literature,4.45,102184,"Amazon Digital Services,  Inc."
535,The 100-Year-Old Man Who Climbed Out the Window and Disappeared,"Jonas Jonasson, Rod Bradbury",2009,Literary Fiction,3.81,92275,Macmillan
536,The Corrections,Jonathan Franzen,2001,Literary Fiction,3.78,117657,"Amazon Digital Services,  Inc."
537,Freedom,Jonathan Franzen,2010,Literary Fiction,3.73,119213,Random House LLC
538,Everything Is Illuminated,Jonathan Safran Foer,2002,Literary Fiction,3.9,131492,"Amazon Digital Services,  Inc."
539,The Amulet of Samarkand,Jonathan Stroud,2003,Fantasy,3.99,86062,"Amazon Digital Services,  Inc."
540,The Golem's Eye,Jonathan Stroud,2004,Fantasy,4.09,69058,Simon and Schuster Digital Sales Inc
541,Ptolemy's Gate,Jonathan Stroud,2006,Fantasy,4.24,63838,HarperCollins Publishers
542,This Is Where I Leave You,Jonathan Tropper,2009,Literary Fiction,3.88,98645,"Amazon Digital Services,  Inc."
543,Ensaio Sobre a Cegueira,"Jose Saramago, Giovanni Pontiero",1995,Literary Fiction,4.08,98738,"Amazon Digital Services,  Inc."
544,Sofies Verden,"Jostein Gaarder, Paulette Miller",1991,Young Adult,3.88,109692,Penguin Group (USA) LLC
545,We Were the Mulvaneys,Joyce Carol Oates,1996,Literary Fiction,3.7,77251,Hachette Book Group
546,Cloudy with a Chance of Meatballs,"Judi Barrett, Ron Barrett",1978,Children's Literature,4.15,104677,Penguin Group (USA) LLC
547,"Alexander and the Terrible, Horrible, No Good, Very Bad Day","Judith Viorst, Ray Cruz",1972,Children's Literature,4.22,146073,"Amazon Digital Services,  Inc."
548,"Are You There God? It's Me, Margaret",Judy Blume,1970,Young Adult,3.89,151789,"Amazon Digital Services,  Inc."
549,Tales of a Fourth Grade Nothing,Judy Blume,1972,Children's Literature,4.09,106435,Penguin Group (USA) LLC
550,Summer Sisters,Judy Blume,1998,Romance,3.83,73515,Penguin Group (USA) LLC
551,Voyage au centre de la Terre,Jules Verne,1864,Science Fiction,3.84,89410,Macmillan
552,Vingt Mille Lieues Sous les Mers,"Jules Verne, Anthony Bonner",1869,Science Fiction,3.86,121112,"Amazon Digital Services,  Inc."
553,Le tour du monde en quatre-vingts jours,"Jules Verne, Michael Glencross, Brian W. Aldiss",1872,Adventure,3.9,117108,Penguin Group (USA) LLC
554,The Artist's Way: A Spiritual Path to Higher Creativity,Julia Cameron,1992,Self-Help and Instruction,3.89,66049,"Amazon Digital Services,  Inc."
555,My Life in France,"Julia Child, Alex Prud'Homme",2006,Biography/Autobiography/Memoir,4.16,63100,Penguin Group (USA) LLC
556,The Sense of an Ending,Julian Barnes,2011,Literary Fiction,3.7,94968,"Amazon Digital Services,  Inc."
557,"The Iron King (The Iron Fey, #1) ",Julie Kagawa,2010,Fantasy,3.92,158063,Macmillan
558,The Iron Daughter,Julie Kagawa,2010,Fantasy,4.13,93340,"Amazon Digital Services,  Inc."
559,The Iron Queen,Julie Kagawa,2011,Fantasy,4.24,82373,"Amazon Digital Services,  Inc."
560,"Julie & Julia: 365 Days, 524 Recipes, 1 Tiny Apartment Kitchen",Julie Powell,2005,Biography/Autobiography/Memoir,3.67,121373,Random House LLC
561,Wild Swans: Three Daughters of China,Jung Chang,1991,Biography/Autobiography/Memoir,4.23,60193,HarperCollins Christian Publishing
562,This is How You Lose Her,Junot Diaz,2012,Literary Fiction,3.75,66720,"Amazon Digital Services,  Inc."
563,The Passage,Justin Cronin,2010,Fantasy,4.04,126993,"Amazon Digital Services,  Inc."
564,The Twelve,Justin Cronin,2012,Fantasy,3.98,56756,"Amazon Digital Services,  Inc."
565,Sh*t My Dad Says,Justin Halpern,2010,t My Dad Says | ,3.98,102560,Hachette Book Group
566,Beautiful Darkness,"Kami Garcia, Margaret Stohl",2010,Fantasy,3.84,95447,HarperCollins Publishers
567,Beautiful Chaos,"Kami Garcia, Margaret Stohl, Paz Pruneda",2011,Fantasy,3.95,69709,Hachette Book Group
568,We Are All Completely Beside Ourselves,Karen Joy Fowler,2013,Literary Fiction,3.71,59973,"Amazon Digital Services,  Inc."
569,Darkfever,Karen Marie Moning,2006,Fantasy,4.14,110812,Penguin Group (USA) LLC
570,The Age of Miracles,Karen Thompson Walker,2012,Science Fiction,3.64,61296,Random House LLC
571,Pretty Girls,Karin Slaughter,2015,Thriller,3.95,60737,"Amazon Digital Services,  Inc."
572,Manifest der Kommunistischen Partei,"Karl Marx, Friedrich Engels, Gareth Stedman Jones",1848,Essays/Journalism,3.51,56464,"Amazon Digital Services,  Inc."
573,Life After Life,Kate Atkinson,2013,Historical Fiction,3.74,138454,"Amazon Digital Services,  Inc."
574,The Awakening,Kate Chopin,1899,Literary Fiction,3.63,125474,"Amazon Digital Services,  Inc."
575,Because of Winn-Dixie,"Kate DiCamillo, Chris Sheban",2000,Children's Literature,4,154476,"Amazon Digital Services,  Inc."
576, The Tale of Despereaux,"Kate DiCamillo, Timothy Basil Ering",2004,Children's Literature,4,113066,Penguin Group (USA) LLC
577,The Shifting Fog,Kate Morton,2006,Historical Fiction,3.93,69948,"Amazon Digital Services,  Inc."
578,The Forgotten Garden,Kate Morton,2008,Historical Fiction,4.12,138377,"Amazon Digital Services,  Inc."
579,The Secret Keeper,Kate Morton,2012,Historical Fiction,4.13,89460,HarperCollins Publishers
580,The One and Only Ivan,"Katherine Applegate, Patricia Castelao",2012,Children's Literature,4.24,85136,"Amazon Digital Services,  Inc."
581,"Behind the Beautiful Forevers: Life, Death, and Hope in a Mumbai Undercity",Katherine Boo,2012,Essays/Journalism,3.97,69596,Random House LLC
582,Pushing the Limits,Katie McGarry,2012,Young Adult,4.08,93818,"Amazon Digital Services,  Inc."
583,The Remains of the Day,Kazuo Ishiguro,1989,Literary Fiction,4.1,105892,Random House LLC
584,Life,Keith Richards,2010,Biography/Autobiography/Memoir,3.84,60409,Random House LLC
585,The Summoning,Kelley Armstrong,2008,Horror,4.03,132285,"Amazon Digital Services,  Inc."
586,The Awakening,Kelley Armstrong,2009,Classics,4.16,95026,Simon and Schuster Digital Sales Inc
587,The Reckoning,Kelley Armstrong,2010,Thriller,4.21,92922,"Amazon Digital Services,  Inc."
588,Storm Island,Ken Follett,1978,Adventure,4.16,93475,"Amazon Digital Services,  Inc."
589,World Without End,Ken Follett,2007,Historical Fiction,4.23,128715,Random House LLC
590,Winter of the World,Ken Follett,2012,Historical Fiction,4.29,71971,HarperCollins Publishing
591,Hamlet,"Kenneth Branagh, William Shakespeare",1996,Classics,4.12,156869,"Amazon Digital Services,  Inc."
592,The Wind in the Willows,"Kenneth Grahame, Gillian Avery",1908,Children's Literature,3.98,124612,Penguin Group (USA) LLC
593,The One Minute Manager,"Kenneth H. Blanchard, Spencer Johnson",1981,Self-Help and Instruction,3.85,70241,"Amazon Digital Services,  Inc."
594,Quidditch Through the Ages,"Kennilworthy Whisp, J.K. Rowling",2001,Fantasy,3.85,90908,Random House LLC
595,The Heir,Kiera Cass,2015,Young Adult,3.85,111044,"Amazon Digital Services,  Inc."
596,Dead Witch Walking,Kim Harrison,2004,Fantasy,4.04,91390,"Amazon Digital Services,  Inc."
597,Reconstructing Amelia,Kimberly McCreight,2013,Mystery,3.82,86965,"Amazon Digital Services,  Inc."
598,The DUFF: Designated Ugly Fat Friend,Kody Keplinger,2010,Young Adult,3.86,136736,"Amazon Digital Services,  Inc."
599,Fire,Kristin Cashore,2009,Fantasy,4.12,98180,Penguin Group (USA) LLC
600,Firefly Lane,Kristin Hannah,2008,Romance,4.04,121966,"Amazon Digital Services,  Inc."
601,Winter Garden,Kristin Hannah,2009,Literary Fiction,4.13,66577,"Amazon Digital Services,  Inc."
602,Night Road,Kristin Hannah,2011,Literary Fiction,4.17,58028,"Amazon Digital Services,  Inc."
603,The Sirens of Titan,Kurt Vonnegut Jr.,1959,Science Fiction,4.16,72493,"Amazon Digital Services,  Inc."
604,The Vampire Diaries,"L.J. Smith, Kevin Williamson, Julie Plec",2010,Fantasy,4.1,59715,"Amazon Digital Services,  Inc."
605,The Complete Anne of Green Gables Boxed Set,L.M. Montgomery,1908,Children's Literature,4.42,92142,Random House LLC
606,Anne of Avonlea,L.M. Montgomery,1909,Chidren's Literature,4.21,99918,"Amazon Digital Services,  Inc."
607,Anne of the Island,L.M. Montgomery,1915,Young Adult,4.21,97049,Random House LLC
608,Daughter of Smoke & Bone,Laini Taylor,2011,Fantasy,4.04,198283,Penguin Group (USA) LLC
609,Days of Blood & Starlight,Laini Taylor,2012,Fantasy,4.21,85746,"Amazon Digital Services,  Inc."
610,Tao Te Ching,"Lao Tzu, Gia-Fu Feng, Jane English, Chungliang Al Huang, Rowena Pattee Kryder, Toinette Lippe",1972,Spirituality,4.31,39863,Penguin Group (USA) LLC
611,Lonesome Dove,Larry McMurtry,1985,Historical Fiction,4.47,111498,"Amazon Digital Services,  Inc."
612,Ringworld,Larry Niven,1970,Science Fiction,3.96,76925,"Amazon Digital Services,  Inc."
613,Seabiscuit,Laura Hillenbrand,1999,Historical Fiction,4.2,111497,HarperCollins Publishers
614,Little House In The Big Woods,"Laura Ingalls Wilder, Garth Williams",1932,Children's Literature,4.16,165127,"Amazon Digital Services,  Inc."
615,Little House on the Prairie,"Laura Ingalls Wilder, Garth Williams",1935,Historical Fiction,4.18,195424,HarperCollins Publishers
616,On the Banks of Plum Creek,"Laura Ingalls Wilder, Garth Williams",1937,Classics,4.19,74666,HarperCollins Publishers
617,The Little House Collection,"Laura Ingalls Wilder, Garth Williams",1953,Children's Literature,4.33,124320,Random House LLC
618,Guilty Pleasures,Laurell K. Hamilton,1993,Horror,4.02,104252,"Amazon Digital Services,  Inc."
619,"Circus of the Damned (Anita Blake, Vampire Hunter, #3)",Laurell K. Hamilton,1995,Fantasy,4.16,73883,Penguin Group (USA) LLC
620,Wither,Lauren DeStefano,2011,Young Adult,3.81,84776,"Amazon Digital Services,  Inc."
621,Fates and Furies,Lauren Groff,2015,Literary Fiction,3.56,66085,HarperCollins Publishers
622,Torment,Lauren Kate,2010,Young Adult,3.89,174393,"Amazon Digital Services,  Inc."
623,Passion,Lauren Kate,2011,Romance,3.89,119735,"Amazon Digital Services,  Inc."
624,Rapture,Lauren Kate,2012,Romance,4.03,79360,Random House LLC
625,Requiem,Lauren Oliver,2013,Young Adult,3.74,100593,"Amazon Digital Services,  Inc."
626,Everyone Worth Knowing,Lauren Weisberger,2005,Romance,3.39,59932,"Amazon Digital Services,  Inc."
627,Chasing Harry Winston,Lauren Weisberger,2008,Romance,3.32,63342,Random House LLC
628,Fever 1793,Laurie Halse Anderson,2000,Historical Fiction,3.89,81945,"Amazon Digital Services,  Inc."
629,Wintergirls,Laurie Halse Anderson,2009,Young Adult,3.98,87665,"Amazon Digital Services,  Inc."
630,"Die Trying (Jack Reacher, #2)",Lee Child,1998,Thriller,4,62128,Macmillan
631,Tripwire,Lee Child,1999,Thriller,4.07,55251,"Amazon Digital Services,  Inc."
632,One Shot,Lee Child,2005,Thriller,4.2,63335,Simon and Schuster Digital Sales Inc
633,The Case for Christ,Lee Strobel,1988,Essays/Journalism,4.1,67128,Macmillan
634,Shadow and Bone,Leigh Bardugo,2012,Fantasy,4.05,135225,"Amazon Digital Services,  Inc."
635,The Reptile Room,"Lemony Snicket, Brett Helquist",1999,Children's Literature,3.95,130213,Simon and Schuster Digital Sales Inc
636,The Wide Window,"Lemony Snicket, Brett Helquist",2000,Children's Literature,3.91,118624,"Amazon Digital Services,  Inc."
637,The Miserable Mill,"Lemony Snicket, Brett Helquist",2000,Children's Literature,3.83,101325,Penguin Group (USA) LLC
638,The Austere Academy,"Lemony Snicket, Brett Helquist",2000,Children's Literature,3.97,99311,"Amazon Digital Services,  Inc."
639,The Vile Village,"Lemony Snicket, Brett Helquist",2001,Children's Literature,3.94,89733,Penguin Group (USA) LLC
640,The Ersatz Elevator,"Lemony Snicket, Brett Helquist",2001,Children's Literature,4.01,90071,Random House LLC
641,The Carnivorous Carnival,"Lemony Snicket, Brett Helquist",2002,Fantasy,3.97,83981,"Amazon Digital Services,  Inc."
642,The Slippery Slope,"Lemony Snicket, Brett Helquist",2003,Children's Literature,4,81362,Penguin Group (USA) LLC
643,Not that Kind of Girl,"Lena Dunham, Joana Avillez",2014,Biography/Autobiography/Memoir,3.33,88251,Random House LLC
644,Exodus,Leon Uris,1958,Historical Fiction,4.33,77258,Random House LLC
645,The Magicians,Lev Grossman,2009,Fantasy,3.47,147908,Macmillan
646,"Through the Looking-Glass, and What Alice Found There","Lewis Carroll, John Tenniel, Peter Glassman",1871,Fantasy,4.06,63050,Simon and Schuster Digital Sales Inc
647,Truly Madly Guilty,Liane Moriarty,2016,Literary Fiction,3.55,90477,"Amazon Digital Services,  Inc."
648,A Great and Terrible Beauty,Libba Bray,2003,Fantasy,3.79,173613,Penguin Group (USA) LLC
649,We Need to Talk About Kevin,Lionel Shriver,2003,Literary Fiction,4.07,101343,HarperCollins Publishers
650,Shanghai Girls,Lisa See,2009,Historical Fiction,3.87,106729,Penguin Group (USA) LLC
651,Gathering Blue,Lois Lowry,2000,Young Adult,3.8,114917,"Amazon Digital Services,  Inc."
652,Messenger ,Lois Lowry,2004,Fantasy,3.9,79746,"Amazon Digital Services,  Inc."
653,Captain Corelli's Mandolin,Louis de Bernieres,1994,Historical Fiction,3.95,57583,"Amazon Digital Services,  Inc."
654,Sideways Stories from Wayside School,"Louis Sachar, Adam McCauley",1978,Children's Literature,4.14,74121,Penguin Group (USA) LLC
655,The Round House,Louise Erdrich,2012,Crime,3.91,67928,"Amazon Digital Services,  Inc."
656,"Angus, Thongs and Full-Frontal Snogging",Louise Rennison,1999,Young Adult,3.74,112733,"Amazon Digital Services,  Inc."
657,Mad About Madeline,Ludwig Bemelmans,1939,Children's Literature,4.22,156726,"Amazon Digital Services,  Inc."
658,The Indian in the Cupboard,Lynne Reid Banks,1980,Chidren's Literature,3.89,77046,"Amazon Digital Services,  Inc."
659,"Eats, Shoots and Leaves",Lynne Truss,2003,Essays/Journalism,3.86,79117,"Amazon Digital Services,  Inc."
660,"The Road Less Traveled:  A New Psychology of Love, Traditional Values, and Spiritual Growth",M. Scott Peck,1978,Self-Help and Instruction,4.03,61238,"Amazon Digital Services,  Inc."
661,The Girl with All the Gifts,M.R. Carey,2014,Science Fiction,3.93,99729,Simon and Schuster Digital Sales Inc
662,A Wind in the Door,Madeleine L'Engle,1973,Science Fiction,4.07,87277,"Amazon Digital Services,  Inc."
663,A Swiftly Tilting Planet,Madeleine L'Engle,1978,Fantasy,4.13,75851,"Amazon Digital Services,  Inc."
664,Linger,Maggie Stiefvater,2010,Young Adult,3.91,125363,"Amazon Digital Services,  Inc."
665,Forever,Maggie Stiefvater,2011,Romance,3.91,85034,Penguin Group (USA) LLC
666,The Raven Boys,Maggie Stiefvater,2012,Fantasy,4.05,121727,"Amazon Digital Services,  Inc."
667,What the Dog Saw and Other Adventures,Malcolm Gladwell,2009,Essays/Journalism,3.82,65277,Random House LLC
668,David and Goliath,Malcolm Gladwell,2011,Essays/Journalism,3.9,90083,Random House LLC
669,The Autobiography of Malcolm X,"Malcolm X, Alex Haley",1965,Biography/Autobiography/Memoir,4.29,124805,Random House LLC
670,Lone Survivor: The Eyewitness Account of Operation Redwing and the Lost Heroes of SEAL Team 10,"Marcus Luttrell, Patrick Robinson",2006,Biography/Autobiography/Memoir,4.34,46551,"Amazon Digital Services,  Inc."
671,Dazzle the Dinosaur,"Marcus Pfister, J. Alison James",1995,Children's Literature,4.15,95421,"Amazon Digital Services,  Inc."
672,The Blind Assassin,Margaret Atwood,2000,Literary Fiction,3.95,98464,HarperCollins Christian Publishing
673,Oryx and Crake,Margaret Atwood,2003,Science Fiction,4,151500,"Amazon Digital Services,  Inc."
674,The Year of the Flood,Margaret Atwood,2009,Science Fiction,4.05,68597,Simon and Schuster Digital Sales Inc
675,Among the Hidden ,Margaret Peterson Haddix,1998,Young Adult,3.97,94478,HarperCollins Publishers
676,Dragons of Autumn Twilight,"Margaret Weis, Tracy Hickman",1984,Fantasy,4.03,76219,Simon and Schuster Digital Sales Inc
677,The Velveteen Rabbit,"Margery Williams Bianco, William   Nicholson",1922,Children's Literature,4.29,173469,Random House LLC
678,Poison Study,Maria V. Snyder,2005,Fantasy,4.16,96417,"Amazon Digital Services,  Inc."
679,The Life-Changing Magic of Tidying Up,"Marie Kondo, Cathy Hirano",2011,Self-Help and Instruction,3.77,105063,"Amazon Digital Services,  Inc."
680,Prodigy,Marie Lu,2013,Young Adult,4.29,149702,"Amazon Digital Services,  Inc."
681,Champion,Marie Lu,2013,Young Adult,4.37,114623,Simon and Schuster Digital Sales Inc
682,The Mists of Avalon,Marion Zimmer Bradley,1982,Fantasy,4.12,157736,"Amazon Digital Services,  Inc."
683,Scarlet,Marissa Meyer,2013,Fantasy,4.3,193766,"Amazon Digital Services,  Inc."
684,Cress,Marissa Meyer,2014,Fantasy,4.46,162069,Macmillan
685,Winter,Marissa Meyer,2015,Young Adult,4.49,100464,"Amazon Digital Services,  Inc."
686,Persepolis,"Marjane Satrapi, Mattias Ripa",2000,Graphic Novel,4.23,117103,Random House LLC
687,Persepolis,"Marjane Satrapi, Mattias Ripa, Blake Ferris, Anjali Singh",2003,Biography/Autobiography/Memoir,4.36,71353,"Amazon Digital Services,  Inc."
688,New Moon: The Complete Illustrated Movie Companion,Mark Cotta Vaz,2009,Young Adult,4.34,82399,Penguin Group (USA) LLC
689,The Twilight Saga Breaking Dawn Part 1: The Official Illustrated Movie Companion,Mark Cotta Vaz,2011,Fantasy,4.3,188136,Penguin Group (USA) LLC
690,The Prince and the Pauper,"Mark Twain, Everett H. Emerson",1881,Classics,3.84,84682,Random House LLC
691,House of Leaves,Mark Z. Danielewski,2000,Horror,4.13,75469,"Amazon Digital Services,  Inc."
692,The Messenger,Markus Zusak,2002,Thriller,4.09,93119,"Amazon Digital Services,  Inc."
693,The Good Girl,Mary Kubica,2014,Thriller,3.81,100936,Random House LLC
694,The Borrowers Afield,"Mary Norton, Beth Krush, Joe Krush",1952,Fantasy,4.02,74820,Hachette Book Group
695,Stiff: The Curious Lives of Human Cadavers,Mary Roach,2003,Essays/Journalism,4.05,122502,Random House LLC
696,"Naruto, Volume 1","Masashi Kishimoto, Katy Bridges",1999,Fantasy,4.35,104633,HarperCollins Christian Publishing
697,"Vampire Knight, Volume 1","Matsuri Hino, Tomo Kimura",2005,Fantasy,4.1,89733,"Amazon Digital Services,  Inc."
698,The Silver Linings Playbook,Matthew Quick,2008,Literary Fiction,4,110939,"Amazon Digital Services,  Inc."
699,The Zombie Survival Guide: Complete Protection from the Living Dead,Max Brooks,2004,Horror,3.86,82535,"Amazon Digital Services,  Inc."
700,The Interestings,Meg Wolitzer,2013,Literary Fiction,3.54,76566,HarperCollins Publishers
701,The Girls' Guide to Hunting and Fishing,Melissa Bank,1998,Literary Fiction,3.29,113977,"Amazon Digital Services,  Inc."
702,Blue Bloods,Melissa de la Cruz,2006,Fantasy,3.68,116687,"Amazon Digital Services,  Inc."
703,Masquerade,Melissa de la Cruz,2007,Fantasy,3.91,76598,"Amazon Digital Services,  Inc."
704,Wicked Lovely ,Melissa Marr,2007,Fantasy,3.69,131034,Simon and Schuster Digital Sales Inc
705,Moneyball: The Art of Winning an Unfair Game,Michael   Lewis,2003,Essays/Journalism,4.24,66406,"Amazon Digital Services,  Inc."
706,The Blind Side: Evolution of a Game,Michael   Lewis,2006,Biography/Autobiography/Memoir,4.16,37792,HarperCollins Publishers
707,The Big Short: Inside the Doomsday Machine,Michael   Lewis,2009,Essays/Journalism,4.26,37090,Simon and Schuster Digital Sales Inc
708,Gone,Michael  Grant,2008,Thriller,3.85,144606,"Amazon Digital Services,  Inc."
709,The Black Echo,Michael Connelly,1992,Crime,4.08,98591,"Amazon Digital Services,  Inc."
710,Congo,Michael Crichton,1980,Thriller,3.55,129811,Random House LLC
711,Sphere,Michael Crichton,1987,Science Fiction,3.77,128244,Random House LLC
712,Disclosure,Michael Crichton,1994,Thriller,3.76,57818,Random House LLC
713,The Lost World,Michael Crichton,1995,Science Fiction,3.72,83389,"Amazon Digital Services,  Inc."
714,Airframe,Michael Crichton,1996,Thriller,3.66,59229,"Amazon Digital Services,  Inc."
715,Timeline,Michael Crichton,1999,Science Fiction,3.83,148563,"Amazon Digital Services,  Inc."
716,Prey,Michael Crichton,2002,Thriller,3.72,131352,"Amazon Digital Services,  Inc."
717,State of Fear,Michael Crichton,2004,Thriller,3.69,65397,"Amazon Digital Services,  Inc."
718,The Hours,Michael Cunningham,1998,Literary Fiction,3.91,97462,HarperCollins Publishers
719,Die unendliche Geschichte,"Michael Ende, Ralph Manheim, Roswitha Quadflieg",1979,Fantasy,4.17,109110,"Amazon Digital Services,  Inc."
720,The English Patient,Michael Ondaatje,1992,Literary Fiction,3.88,83741,"Amazon Digital Services,  Inc."
721,The Omnivore's Dilemma,Michael Pollan,2006,Self-Help & Instruction,4.17,133271,"Amazon Digital Services,  Inc."
722,In Defense of Food: An Eater's Manifesto,Michael Pollan,2007,Essays/Journalism,4.07,80434,"Amazon Digital Services,  Inc."
723,The Alchemyst: The Secrets of The Immortal Nicholas Flamel,Michael Scott,2007,Fantasy,3.84,58396,Penguin Group (USA) LLC
724,The Killer Angels,Michael Shaara,1974,Historical Fiction,4.3,58372,"Amazon Digital Services,  Inc."
725,The Unbecoming of Mara Dyer,Michelle Hodkin,2011,Young Adult,4.09,83847,Macmillan
726,Don Quixote de La Mancha,"Miguel de Cervantes Saavedra, Roberto González Echevarría, John Rutherford",1605,Classics,3.85,134931,Hachette Book Group
727,"The Four Agreements: A Practical Guide to Personal Freedom, A Toltec Wisdom Book",Miguel Ruiz,1997,Self-Help and Instruction,4.12,97016,Penguin Group (USA) LLC
728,The Master and Margarita,"Mikhail Bulgakov, Katherine Tiernan O'Connor, Diana Burgin, Ellendea Proffer",1967,Literary Fiction,4.32,131389,"Amazon Digital Services,  Inc."
729,"Roll of Thunder, Hear My Cry",Mildred D. Taylor,1976,Young Adult,3.79,92980,Hachette Book Group
730,Why Not Me?,Mindy Kaling,2015,Biography/Autobiography/Memoir,3.89,74199,Random House LLC
731,For One More Day,Mitch Albom,2006,Literary Fiction,4.09,102193,"Amazon Digital Services,  Inc."
732,Have a Little Faith: A True Story,Mitch Albom,2009,Biography/Autobiography/Memoir,4.16,60002,Hachette Book Group
733,The Time Keeper,Mitch Albom,2012,Fantasy,3.85,72277,"Amazon Digital Services,  Inc."
734,The Elegance of the Hedgehog,"Muriel Barbery, Alison Anderson",2006,Literary Fiction,3.73,101669,Hachette Book Group
735,Loving Frank,Nancy Horan,2007,Historical Fiction,3.73,72734,Hachette Book Group
736,Think and Grow Rich,Napoleon Hill,1937,Self-Help and Instruction,4.17,87445,"Amazon Digital Services,  Inc."
737,The Black Swan: The Impact of the Highly Improbable,Nassim Nicholas Taleb,2007,Essays/Journalism,3.88,53586,"Amazon Digital Services,  Inc."
738,Tuck Everlasting,Natalie Babbitt,1975,Fantasy,3.85,174280,"Amazon Digital Services,  Inc."
739,In the Heart of the Sea: The Tragedy of the Whaleship Essex,Nathaniel Philbrick,1999,Historical Fiction,4.16,57259,"Amazon Digital Services,  Inc."
740,Fruits Basket,"Natsuki Takaya, Alethea Nibley, Athena Nibley",1999,Fantasy,4.23,118467,Simon and Schuster Digital Sales Inc
741,Unwind,Neal Shusterman,2007,Science Fiction,4.18,143892,Macmillan
742,The Diamond Age,Neal Stephenson,1995,Science Fiction,4.19,61836,Macmillan
743,Cryptonomicon,Neal Stephenson,1999,Science Fiction,4.25,72683,Random House LLC
744,It's Kind of a Funny Story,Ned Vizzini,2006,Young Adult,4.14,161001,HarperCollins Publishers
745,Anansi Boys,Neil Gaiman,2005,Fantasy,4,137639,"Amazon Digital Services,  Inc."
746,The Sandman: Dream Country,"Neil Gaiman, Kelley Jones, Charles Vess, Colleen Doran, Malcolm Jones III, Steve Erickson",1991,Fantasy,4.28,67753,"Amazon Digital Services,  Inc."
747,Preludes & Nocturnes,"Neil Gaiman, Sam Kieth, Mike Dringenberg, Malcolm Jones III, Todd Klein, Karen  Berger",1989,Fantasy,4.3,122540,"Amazon Digital Services,  Inc."
748,Long Walk to Freedom: The Autobiography of Nelson Mandela,Nelson Mandela,1994,Biography/Autobiography/Memoir,4.31,43927,"Amazon Digital Services,  Inc."
749,The Rescue,Nicholas Sparks,2000,Romance,4.1,142092,"Amazon Digital Services,  Inc."
750,A Bend in the Road,Nicholas Sparks,2001,Romance,4.02,116800,HarperCollins Publishers
751,Nights in Rodanthe,Nicholas Sparks,2002,Romance,3.82,129807,"Amazon Digital Services,  Inc."
752,The Guardian,Nicholas Sparks,2003,Romance,4.14,136427,"Amazon Digital Services,  Inc."
753,The Wedding,Nicholas Sparks,2003,Romance,3.98,118045,"Amazon Digital Services,  Inc."
754,True Believer,Nicholas Sparks,2003,Thriller,3.8,62840,"Amazon Digital Services,  Inc."
755,At First Sight,Nicholas Sparks,2004,Romance,3.81,62219,"Amazon Digital Services,  Inc."
756,The Choice,Nicholas Sparks,2007,Romance,3.99,93479,"Amazon Digital Services,  Inc."
757,The Best of Me,Nicholas Sparks,2010,Romance,3.91,103915,"Amazon Digital Services,  Inc."
758,The Longest Ride,Nicholas Sparks,2012,Romance,4.14,71276,"Amazon Digital Services,  Inc."
759,High Fidelity,Nick Hornby,1995,Literary Fiction,3.94,134849,Random House LLC
760,About a Boy,Nick Hornby,1998,Literary Fiction,3.79,101999,Penguin Group (USA) LLC
761,A Long Way Down,Nick Hornby,2005,Literary Fiction,3.41,59843,Hachette Book Group
762,"Everything, Everything","Nicola Yoon, David Yoon",2015,Young Adult,4.11,132552,"Amazon Digital Services,  Inc."
763,The History of Love,Nicole Krauss,2005,Literary Fiction,3.91,98379,"Amazon Digital Services,  Inc."
764,Vision in White,Nora Roberts,2009,Romance,4.1,103933,Random House LLC
765,The Power of Positive Thinking,Norman Vincent Peale,1952,Self-Help and Instruction,4.08,52704,"Amazon Digital Services,  Inc."
766,The Phantom Tollbooth,"Norton Juster, Jules Feiffer",1961,Fantasy,4.22,178432,"Amazon Digital Services,  Inc."
767,The Gift of the Magi,"O. Henry, Lisbeth Zwerger",1905,Classics,4.07,66537,Simon and Schuster Digital Sales Inc
768,Cold Sassy Tree,Olive Ann Burns,1984,Historical Fiction,3.99,82281,Random House LLC
769,The Man Who Mistook His Wife for a Hat and Other Clinical Tales,Oliver Sacks,1985,Biography/Autobiography/Memoir,4.04,102419,Random House LLC
770,Xenocide,Orson Scott Card,1991,Science Fiction,3.77,104467,Simon and Schuster Digital Sales Inc
771,Children of the Mind,Orson Scott Card,1996,Science Fiction,3.74,74517,"Amazon Digital Services,  Inc."
772,Ender's Shadow,Orson Scott Card,1998,Science Fiction,4.3,115521,"Amazon Digital Services,  Inc."
773,Chosen: A House of Night Novel,"P.C. Cast, Kristin Cast",2008,Fantasy,3.9,180961,"Amazon Digital Services,  Inc."
774,Tempted,"P.C. Cast, Kristin Cast",2008,Fantasy,3.96,127387,HarperCollins Publishers
775,Hunted,"P.C. Cast, Kristin Cast",2009,Fantasy,3.93,138103,Random House LLC
776,Burned: A House of Night Novel,"P.C. Cast, Kristin Cast",2010,Fantasy,3.98,120763,"Amazon Digital Services,  Inc."
777,Awakened,"P.C. Cast, Kristin Cast",2011,Fantasy,4.02,101234,Hachette Book Group
778,Are You My Mother?,P.D. Eastman,1960,Children's Literature,4.16,174204,Penguin Group (USA) LLC
779,"Go, Dog. Go!",P.D. Eastman,1961,Children's Literature,4.08,66360,Penguin Group (USA) LLC
780,Death Comes to Pemberley,P.D. James,2012,Mystery,3.21,65906,"Amazon Digital Services,  Inc."
781,Mary Poppins,"P.L. Travers, Mary Shepard",1934,Chidren's Literature,4.05,82706,"Amazon Digital Services,  Inc."
782,Moon Called,Patricia Briggs,2006,Fantasy,4.18,129150,"Amazon Digital Services,  Inc."
783,Cruel & Unusual,Patricia Cornwell,1993,Crime,4.11,83695,"Amazon Digital Services,  Inc."
784,The Knife of Never Letting Go,Patrick Ness,2008,Science Fiction,3.96,99638,"Amazon Digital Services,  Inc."
785, A Monster Calls ,"Patrick Ness, Jim Kay, Siobhan Dowd",2011,Fantasy,4.36,104579,Random House LLC
786,The Slow Regard of Silent Things,"Patrick Rothfuss, Nate  Taylor",2014,Fantasy,3.92,57716,"Amazon Digital Services,  Inc."
787,Just Kids,Patti Smith,2010,Biography/Autobiography/Memoir,4.14,106542,Random House LLC
788,When Breath Becomes Air,"Paul Kalanithi, Abraham Verghese",2016,Biography/Autobiography/Memoir,4.32,116771,"Amazon Digital Services,  Inc."
789,A Bruxa de Portobello,Paulo Coelho,2006,Literary Fiction,3.51,51461,HarperCollins Publishers
790,Na margem do rio Piedra eu sentei e chorei,"Paulo Coelho, Alan R. Clarke",1994,Romance,3.57,62106,Random House LLC
791,Veronika decide morrer,"Paulo Coelho, Margaret Jull Costa",1998,Literary Fiction,3.69,111856,Penguin Group (USA) LLC
792,Onze minutos,"Paulo Coelho, Margaret Jull Costa",2003,Literary Fiction,3.69,102206,"Amazon Digital Services,  Inc."
793,O Zahir,"Paulo Coelho, Margaret Jull Costa",2005,Literary Fiction,3.56,50921,"Amazon Digital Services,  Inc."
794,Amelia Bedelia,"Peggy Parish, Fritz Siebel",1963,Young Adult,4.15,72329,Penguin Group (USA) LLC
795,Jaws,Peter Benchley,1974,Horror,3.96,102574,Simon and Schuster Digital Sales Inc
796,The Last Unicorn,Peter S. Beagle,1968,Fantasy,4.18,76277,"Amazon Digital Services,  Inc."
797,The Painted Man,Peter V. Brett,2008,Fantasy,4.27,64416,"Amazon Digital Services,  Inc."
798,The Art Book,Phaidon Press,1997,Essays/Journalism,3.79,102746,Penguin Group (USA) LLC
799,The Man in the High Castle,Philip K. Dick,1962,Science Fiction,3.66,84180,Hachette Book Group
800,His Dark Materials,Philip Pullman,2000,Fantasy,4.25,88227,"Amazon Digital Services,  Inc."
801,The Queen's Fool,Philippa Gregory,2003,Historical Fiction,3.83,69504,Simon and Schuster Digital Sales Inc
802,The Constant Princess,Philippa Gregory,2005,Historical Fiction,3.88,124786,Penguin Group (USA) LLC
803,The Boleyn Inheritance,Philippa Gregory,2006,Historical Fiction,3.84,62135,Hachette Book Group
804,The White Queen,Philippa Gregory,2009,Historical Fiction,3.9,119739,"Amazon Digital Services,  Inc."
805,Red Rising,Pierce Brown,2014,Science Fiction,4.26,104939,"Amazon Digital Services,  Inc."
806,Golden Son,Pierce Brown,2015,Science Fiction,4.46,57614,"Amazon Digital Services,  Inc."
807,Orange Is the New Black: My Year in a Women's Prison,Piper Kerman,2010,Biography/Autobiography,3.7,127186,"Amazon Digital Services,  Inc."
808,The Power of Six,Pittacus Lore,2011,Science Fiction,4.17,97938,Macmillan
809,The Republic,"Plato, Desmond Lee",-380,Classics,3.9,110274,"Amazon Digital Services,  Inc."
810,Nick & Norah's Infinite Playlist,"Rachel Cohn, David Levithan",2006,Romance,3.73,60372,Random House LLC
811,Hex Hall,Rachel Hawkins,2010,Young Adult,3.96,109881,"Amazon Digital Services,  Inc."
812,The Unlikely Pilgrimage of Harold Fry,Rachel Joyce,2012,Literary Fiction,3.89,94012,Hachette Book Group
813,Smile,Raina Telgemeier,2009,Children's Literature,4.19,98628,HarperCollins Publishers
814,Attachments,Rainbow Rowell,2011,Romance,3.95,105414,"Amazon Digital Services,  Inc."
815,Landline,Rainbow Rowell,2014,Romance,3.55,113805,"Amazon Digital Services,  Inc."
816,Invisible Man,Ralph Ellison,1952,Literary Fiction,3.84,123073,"Amazon Digital Services,  Inc."
817,What If?: Serious Scientific Answers to Absurd Hypothetical Questions,Randall Munroe,2014,Essays/Journalism,4.17,60236,Penguin Group (USA) LLC
818,Hollow City,Ransom Riggs,2014,Fantasy,4.07,73149,Penguin Group (USA) LLC
819,The Martian Chronicles,Ray Bradbury,1950,Science Fiction,4.12,143236,"Amazon Digital Services,  Inc."
820,The Big Sleep,Raymond Chandler,1939,Crime,4.04,84489,"Amazon Digital Services,  Inc."
821,Magician,Raymond E. Feist,1982,Fantasy,4.17,62432,Random House LLC
822,The Hot Zone: The Terrifying True Story of the Origins of the Ebola Virus,Richard   Preston,1994,Essays/Journalism,4.1,72207,"Amazon Digital Services,  Inc."
823,Jonathan Livingston Seagull,"Richard Bach, Russell Munson",1970,Literary Fiction,3.8,133728,"Amazon Digital Services,  Inc."
824,The Long Walk,"Richard Bachman, Stephen King",1979,Thriller,4.11,71775,Hachette Book Group
825,Thinner,"Richard Bachman, Stephen King",1984,Horror,3.66,130219,"Amazon Digital Services,  Inc."
826,Don't Sweat the Small Stuff,Richard Carlson,1997,Self-Help and Instruction,3.95,63324,Random House LLC
827,The Selfish Gene,Richard Dawkins,1976,Science Fiction,4.11,96564,"Amazon Digital Services,  Inc."
828,"Surely You're Joking, Mr. Feynman! Adventures of a Curious Character",Richard Feynman,1984,Biography/Autobiography/Memoir,4.29,91625,"Amazon Digital Services,  Inc."
829,I Am Legend and Other Stories,Richard Matheson,1954,Horror,3.99,98795,"Amazon Digital Services,  Inc."
830,Empire Falls,Richard Russo,2001,Literary Fiction,3.91,90811,"Amazon Digital Services,  Inc."
831,Native Son ,Richard Wright,1940,Literary Fiction,3.96,66194,"Amazon Digital Services,  Inc."
832,Revolutionary Road,Richard Yates,1961,Literary Fiction,3.89,56550,Penguin Group (USA) LLC
833,Last Sacrifice ,Richelle Mead,2010,Fantasy,4.42,206792,"Amazon Digital Services,  Inc."
834,Bloodlines,Richelle Mead,2011,Fantasy,4.22,140599,Macmillan
835,The Golden Lily,Richelle Mead,2012,Young Adult,4.36,86929,Penguin Group (USA) LLC
836,The Throne of Fire,Rick Riordan,2011,Fantasy,4.2,116360,"Amazon Digital Services,  Inc."
837,The Serpent's Shadow,Rick Riordan,2012,Young Adult,4.28,82757,"Amazon Digital Services,  Inc."
838,The House of Hades,Rick Riordan,2013,Fantasy,4.54,159774,"Amazon Digital Services,  Inc."
839,The Blood of Olympus,Rick Riordan,2014,Fantasy,4.41,110719,"Amazon Digital Services,  Inc."
840,The Infinite Sea,Rick Yancey,2014,Young Adult,3.94,78314,"Amazon Digital Services,  Inc."
841,The Twits,"Roald Dahl, Quentin Blake",1980,Children's Literature,3.94,82458,Random House LLC
842,Starship Troopers,Robert A. Heinlein,1959,Science Fiction,3.99,136886,Hachette Book Group
843,The Moon is a Harsh Mistress,Robert A. Heinlein,1966,Science Fiction,4.17,80366,Penguin Group (USA) LLC
844,Mrs. Frisby and the Rats of NIMH,Robert C. O'Brien,1971,Chidren's Literature,4.13,135978,"Amazon Digital Services,  Inc."
845,The Silkworm,"Robert Galbraith, J.K. Rowling",2014,Mystery,4.03,120008,"Amazon Digital Services,  Inc."
846,Career of Evil,"Robert Galbraith, J.K. Rowling",2015,Mystery,4.21,66979,Penguin Group (USA) LLC
847,The Shadow Rising ,Robert Jordan,1992,Fantasy,4.21,122524,HarperCollins Publishing
848,The Fires of Heaven,Robert Jordan,1993,Fantasy,4.13,93227,Random House LLC
849,Lord of Chaos,Robert Jordan,1994,Fantasy,4.1,91046,Hachette Book Group
850,A Crown of Swords,Robert Jordan,1996,Fantasy,4,86421,"Amazon Digital Services,  Inc."
851,The Path of Daggers,Robert Jordan,1998,Fantasy,3.9,74815,"Amazon Digital Services,  Inc."
852,Winter's Heart,Robert Jordan,2000,Fantasy,3.92,71355,"Amazon Digital Services,  Inc."
853,Crossroads of Twilight,Robert Jordan,2003,Fantasy,3.82,61361,"Amazon Digital Services,  Inc."
854,Knife of Dreams,Robert Jordan,2005,Fantasy,4.12,71379,"Amazon Digital Services,  Inc."
855,The Gathering Storm,"Robert Jordan, Brandon Sanderson",2009,Fantasy,4.34,94095,"Amazon Digital Services,  Inc."
856,Towers of Midnight,"Robert Jordan, Brandon Sanderson",2010,Fantasy,4.42,91383,"Amazon Digital Services,  Inc."
857,A Memory of Light,"Robert Jordan, Brandon Sanderson",2012,Fantasy,4.5,68410,"Amazon Digital Services,  Inc."
858,Catherine the Great: Portrait of a Woman,Robert K. Massie,2011,Biography/Autobiography/Memoir,3.91,66591,"Amazon Digital Services,  Inc."
859,"Dr. Seuss's Green Eggs and Ham: For Soprano, Boy Soprano, and Orchestra","Robert Kapilow, Dr. Seuss",1992,Children's Literature,4.44,90574,Hachette Book Group
860,The Walking Dead Compendium Volume 1,Robert Kirkman,2009,Horror,4.43,57764,"Amazon Digital Services,  Inc."
861,The Strange Case of Dr. Jekyll and Mr. Hyde and Other Tales of Terror ,"Robert Louis Stevenson, Robert Mighall",1886,Thriller,3.94,80299,Random House LLC
862,The Bourne Supremacy,Robert Ludlum,1986,Thriller,4.09,142168,Penguin Group (USA) LLC
863,Zen and the Art of Motorcycle Maintenance,Robert M. Pirsig,1974,Self-Help & Instruction,3.76,139411,"Amazon Digital Services,  Inc."
864,Make Way for Ducklings,Robert McCloskey,1941,Children's Literature,4.21,70704,HarperCollins Publishers
865,Love You Forever,"Robert Munsch, Sheila McGraw",1986,Children's Literature,4.34,159703,"Amazon Digital Services,  Inc."
866,"Rich Dad , Poor Dad",Robert T. Kiyosaki,1997,Self-Help & Instruction,3.95,153764,Random House LLC
867,The Stand,"Roberto Aguirre-Sacasa, Stephen King, Mike Perkins, Laura       Martin",2009,Horror,4.43,57279,Penguin Group (USA) LLC
868,Assassin's Apprentice,Robin Hobb,1995,Fantasy,4.14,132777,"Amazon Digital Services,  Inc."
869,Royal Assassin,Robin Hobb,1996,Fantasy,4.21,82608,"Amazon Digital Services,  Inc."
870,Assassin's Quest,Robin Hobb,1997,Fantasy,4.18,67125,"Amazon Digital Services,  Inc."
871,The Monk Who Sold His Ferrari: A Fable About Fulfilling Your Dreams & Reaching Your Destiny,Robin S. Sharma,1996,Self-Help and Instruction,3.77,52031,"Amazon Digital Services,  Inc."
872,Mr. Penumbra's 24-Hour Bookstore,Robin Sloan,2012,Science Fiction,3.75,110552,Hachette Book Group
873,A Fine Balance,Rohinton Mistry,1996,Literary Fiction,4.34,99252,Simon and Schuster Digital Sales Inc
874,A Scandal in Bohemia,"Ronald Holt, Arthur Conan Doyle",1891,Crime,4.22,65422,"Amazon Digital Services,  Inc."
875,The Shell Seekers,Rosamunde Pilcher,1987,Literary Fiction,4.13,73573,"Amazon Digital Services,  Inc."
876,The Jungle Book,Rudyard Kipling,1894,Chidren's Literature,3.94,67107,"Amazon Digital Services,  Inc."
877,Between Shades of Gray,Ruta Sepetys,2011,Historical Fiction,4.36,87718,"Amazon Digital Services,  Inc."
878,"In a Dark, Dark Wood ",Ruth Ware,2015,Thriller,3.65,67344,"Amazon Digital Services,  Inc."
879,The Woman in Cabin 10,Ruth Ware,2016,Thriller,3.67,90541,"Amazon Digital Services,  Inc."
880,Thoughtless,S.C. Stephens,2009,Romance,4.12,90483,Penguin Group (USA) LLC
881,Effortless,S.C. Stephens,2011,Romance,4.37,83085,"Amazon Digital Services,  Inc."
882,An Ember in the Ashes,Sabaa Tahir,2015,Fantasy,4.32,45492,HarperCollins Publishers
883,Midnight's Children,Salman Rushdie,1981,Historical Fiction,3.99,75502,"Amazon Digital Services,  Inc."
884,Guess How Much I Love You,"Sam McBratney, Anita Jeram",1988,Children's Literature,4.36,104690,"Amazon Digital Services,  Inc."
885,On Dublin Street,Samantha Young,2012,Romance,4.24,136761,Random House LLC
886,En attendant Godot,Samuel Beckett,1952,Classics,3.81,98950,Penguin Group (USA) LLC
887,The House on Mango Street,Sandra Cisneros,1984,Literary Fiction,3.57,81579,"Amazon Digital Services,  Inc."
888,Pretty Little Liars,Sara Shepard,2006,Thriller,3.9,156328,"Amazon Digital Services,  Inc."
889,Someone Like You,Sarah Dessen,1998,Romance,3.94,84358,Simon and Schuster Digital Sales Inc
890,This Lullaby,Sarah Dessen,2002,Romance,4.03,151829,HarperCollins Publishers
891,The Truth About Forever,Sarah Dessen,2004,Romance,4.13,179415,"Amazon Digital Services,  Inc."
892,Lock and Key,Sarah Dessen,2008,Young Adult,4.01,120475,"Amazon Digital Services,  Inc."
893,Along for the Ride,Sarah Dessen,2009,Romance,4.08,151721,Penguin Group (USA) LLC
894,The Birth of Venus,Sarah Dunant,2003,Historical Fiction,3.79,78129,"Amazon Digital Services,  Inc."
895,Crown of Midnight,Sarah J. Maas,2013,Fantasy,4.49,160485,"Amazon Digital Services,  Inc."
896,Heir of Fire,Sarah J. Maas,2014,Fantasy,4.53,123843,Hachette Book Group
897,A Court of Thorns and Roses,Sarah J. Maas,2015,Fantasy,4.29,167848,"Amazon Digital Services,  Inc."
898,Queen of Shadows,Sarah J. Maas,2015,Fantasy,4.6,99067,Macmillan
899,A Court of Mist and Fury,Sarah J. Maas,2016,Fantasy,4.72,108384,Simon and Schuster Digital Sales Inc
900,The Lies of Locke Lamora,Scott Lynch,2006,Fantasy,4.3,118751,Simon and Schuster Digital Sales Inc
901,Red Seas Under Red Skies,Scott Lynch,2007,Adventure,4.23,68255,"Amazon Digital Services,  Inc."
902,Understanding Comics: The Invisible Art,Scott McCloud,1993,Essays/Journalism,3.98,77277,"Amazon Digital Services,  Inc."
903,Presumed Innocent,Scott Turow,1986,Crime,4.1,91774,"Amazon Digital Services,  Inc."
904,Specials,Scott Westerfeld,2006,Science Fiction,3.77,139168,"Amazon Digital Services,  Inc."
905,Extras,Scott Westerfeld,2006,Young Adult,3.59,85873,"Amazon Digital Services,  Inc."
906,The Perfect Storm: A True Story of Men Against the Sea,Sebastian Junger,1997,Adventure,4.07,45382,Hachette Book Group
907,Abraham Lincoln: Vampire Hunter,Seth Grahame-Smith,2010,Fantasy,3.7,106336,"Amazon Digital Services,  Inc."
908,Pride and Prejudice and Zombies,"Seth Grahame-Smith, Jane Austen",2009,Horror,3.28,103995,"Amazon Digital Services,  Inc."
909,The Goose Girl,Shannon Hale,2003,Fantasy,4.18,92952,Simon and Schuster Digital Sales Inc
910,Princess Academy,Shannon Hale,2005,Young Adult,4.01,82470,Simon and Schuster Digital Sales Inc
911,Walk Two Moons,Sharon Creech,1994,Young Adult,3.95,129350,"Amazon Digital Services,  Inc."
912,Out of My Mind,Sharon M. Draper,2010,Young Adult,4.37,63756,"Amazon Digital Services,  Inc."
913,Falling Up,Shel Silverstein,1996,Children's Literature,4.33,111779,"Amazon Digital Services,  Inc."
914,The Absolutely True Diary of a Part-Time Indian,"Sherman Alexie, Ellen Forney",2007,Young Adult,4.11,160607,Random House LLC
915,"Lean In: Women, Work, and the Will to Lead","Sheryl Sandberg, Nell Scovell",2013,Self-Help & Instruction,3.94,135635,"Amazon Digital Services,  Inc."
916,"The Surgeon of Crowthorne: a tale of murder, madness & the love of words",Simon Winchester,1998,Crime,3.84,71411,Simon and Schuster Digital Sales Inc
917,Twelve Years a Slave,Solomon Northup,1853,Biography/Autobiography/Memoir,4.15,39758,Random House LLC
918,Shopaholic Abroad,Sophie Kinsella,2001,Romance,3.75,93498,Penguin Group (USA) LLC
919,Shopaholic Ties the Knot,Sophie Kinsella,2002,Romance,3.77,88139,"Amazon Digital Services,  Inc."
920,Shopaholic and Sister,Sophie Kinsella,2004,Romance,3.64,69007,"Amazon Digital Services,  Inc."
921,Shopaholic and Baby,Sophie Kinsella,2007,Romance,3.77,98130,"Amazon Digital Services,  Inc."
922,Twenties Girl,Sophie Kinsella,2009,Romance,3.82,119105,Random House LLC
923,I've Got Your Number,Sophie Kinsella,2011,Romance,3.93,144533,"Amazon Digital Services,  Inc."
924,Oedipus Rex,"Sophocles, J.E. Thomas",-441,Classics,3.6,67608,"Amazon Digital Services,  Inc."
925,Antigone,"Sophocles, J.E. Thomas",-430,Classics,3.67,119496,Hachette Book Group
926,Cleopatra: A Life,Stacy Schiff,2006,Biography/Autobiography/Memoir,3.62,73994,"Amazon Digital Services,  Inc."
927,Lola and the Boy Next Door,Stephanie Perkins,2011,Romance,4,108370,"Amazon Digital Services,  Inc."
928,I Am America (And So Can You!),"Stephen Colbert, Richard Dahm, Paul Dinello, Allison Silverman, Michael Brumm, Eric Drydale, Rob Dubbin, Glenn Eichler, Peter Grosz, Peter Gwinn, Jay Katsir, Laura Krafft, Frank Lesser, Tom Purcell",2007,Essays/Journalism,3.91,71023,Penguin Group (USA) LLC
929,The Red Badge of Courage,Stephen Crane,1871,Historical Fiction,3.21,68448,Penguin Group (USA) LLC
930,"Band of Brothers: E Company, 506th Regiment, 101st Airborne from Normandy to Hitler's Eagle's Nest",Stephen E. Ambrose,1992,Biography/Autobiography/Memoir,4.42,66079,"Amazon Digital Services,  Inc."
931,The Dead Zone,Stephen King,1979,Horror,3.9,132723,HarperCollins Publishers
932,Firestarter,Stephen King,1980,Horror,3.85,142213,Macmillan
933,The Mist,Stephen King,1980,Horror,3.92,82062,"Amazon Digital Services,  Inc."
934,Cujo,Stephen King,1981,Horror,3.65,158215,"Amazon Digital Services,  Inc."
935,Different Seasons,Stephen King,1982,Literary Fiction,4.34,105961,Simon and Schuster Digital Sales Inc
936,Skeleton Crew,Stephen King,1985,Horror,3.93,82320,Random House LLC
937,The Drawing of the Three,Stephen King,1987,Fantasy,4.23,139052,HarperCollins Publishers
938,The Tommyknockers,Stephen King,1987,Horror,3.48,89262,"Amazon Digital Services,  Inc."
939,Eyes of the Dragon,Stephen King,1987,Fantasy,3.92,72714,HarperCollins Publishers
940,The Dark Half,Stephen King,1989,Horror,3.74,94624,Macmillan
941,Four Past Midnight,Stephen King,1990,Horror,3.9,76376,HarperCollins Publishers
942,Needful Things,Stephen King,1991,Horror,3.87,153821,"Amazon Digital Services,  Inc."
943,Gerald's Game,Stephen King,1992,Horror,3.47,100158,"Amazon Digital Services,  Inc."
944,Rose Madder,Stephen King,1995,Horror,3.66,70921,Simon and Schuster Digital Sales Inc
945,Desperation,Stephen King,1996,Horror,3.8,94821,"Amazon Digital Services,  Inc."
946,Bag of Bones,Stephen King,1998,Horror,3.87,131004,"Amazon Digital Services,  Inc."
947,On Writing: A Memoir of the Craft,Stephen King,1999,Biography/Autobiography/Memoir,4.31,131481,"Amazon Digital Services,  Inc."
948,The Girl Who Loved Tom Gordon,Stephen King,1999,Horror,3.56,95768,"Amazon Digital Services,  Inc."
949,Hearts in Atlantis,Stephen King,1999,Literary Fiction,3.8,65063,Macmillan
950,Everything's Eventual: 14 Dark Tales,Stephen King,2002,Horror,3.94,60932,"Amazon Digital Services,  Inc."
951,The Dark Tower,Stephen King,2004,Fantasy,4.27,93296,"Amazon Digital Services,  Inc."
952,Cell,Stephen King,2006,Horror,3.64,144591,HarperCollins Publishers
953,Duma Key,Stephen King,2008,Horror,3.93,73807,Macmillan
954,"Full Dark, No Stars",Stephen King,2010,Horror,4.03,60672,Random House LLC
955,Doctor Sleep,Stephen King,2013,Horror,4.1,95276,"Amazon Digital Services,  Inc."
956,Joyland,Stephen King,2013,Horror,3.9,75018,"Amazon Digital Services,  Inc."
957,Mr. Mercedes,Stephen King,2014,Thriller,3.92,125847,Macmillan
958,Revival,Stephen King,2014,Horror,3.75,53662,"Amazon Digital Services,  Inc."
959,Finders Keepers,Stephen King,2015,Thriller,4.03,36541,"Amazon Digital Services,  Inc."
960,Wolves of the Calla,"Stephen King, Bernie Wrightson",2003,Fantasy,4.17,98182,"Amazon Digital Services,  Inc."
961,Insomnia,"Stephen King, Bettina Blanch Tyroller",1994,Horror,3.79,100972,Random House LLC
962,Song of Susannah,"Stephen King, Darrel Anderson",2004,Fantasy,3.98,84957,"Amazon Digital Services,  Inc."
963,Wizard and Glass,"Stephen King, Dave McKean",1997,Fantasy,4.24,105026,Simon and Schuster Digital Sales Inc
964,Dolores Claiborne,"Stephen King, Dominique Dill",1992,Horror,3.81,71053,"Amazon Digital Services,  Inc."
965,'Salem's Lot The Illustrated Edition,"Stephen King, Jerry N. Uelsmann",2005,Horror,4.25,72797,Hachette Book Group
966,Night Shift,"Stephen King, John D. MacDonald",1978,Horror,3.96,104248,"Amazon Digital Services,  Inc."
967,Christine,"Stephen King, Marie Milpois",1983,Horror,3.72,151160,"Amazon Digital Services,  Inc."
968,The Waste Lands,"Stephen King, Ned Dameron",1991,Fantasy,4.24,117483,"Amazon Digital Services,  Inc."
969,The Talisman,"Stephen King, Peter Straub",1984,Horror,4.12,79508,"Amazon Digital Services,  Inc."
970,Dreamcatcher,"Stephen King, William Olivier Desmond",2001,Horror,3.59,115855,"Amazon Digital Services,  Inc."
971,Midnight Sun (Partial Draft),Stephenie Meyer,2008,Fantasy,4.03,138118,"Amazon Digital Services,  Inc."
972,The Short Second Life of Bree Tanner,Stephenie Meyer,2009,Fantasy,3.51,145874,"Amazon Digital Services,  Inc."
973,The Twilight Saga,"Stephenie Meyer, Ilyana Kadushin, Matt Walters",2005,Fantasy,3.88,89204,Penguin Group (USA) LLC
974,Born Standing Up: A Comic's Life,Steve Martin,2007,Biography/Autobiography/Memoir,3.87,60869,"Amazon Digital Services,  Inc."
975,"SuperFreakonomics: Global Cooling, Patriotic Prostitutes, and Why Suicide Bombers Should Buy Life Insurance","Steven D. Levitt, Stephen J. Dubner",2009,Essays/Journalism,3.95,85006,Penguin Group (USA) LLC
976,Gardens of the Moon,Steven Erikson,1999,Fantasy,3.85,57993,"Amazon Digital Services,  Inc."
977,A is for Alibi,Sue Grafton,1982,Crime,3.82,116026,"Amazon Digital Services,  Inc."
978,The Mermaid Chair,Sue Monk Kidd,2004,Literary Fiction,3.1,62760,"Amazon Digital Services,  Inc."
979,Life As We Knew It,Susan Beth Pfeffer,2006,Science Fiction,3.89,94282,"Amazon Digital Services,  Inc."
980,Angelfall,Susan Ee,2011,Fantasy,4.19,73886,"Amazon Digital Services,  Inc."
981,Jonathan Strange & Mr Norrell,Susanna Clarke,2004,Fantasy,3.8,133683,Hachette Book Group
982,"Girl, Interrupted",Susanna Kaysen,1993,Literary Fiction,3.9,145161,Hachette Book Group
983,Brain on Fire,Susannah Cahalan,2012,Biography/Autobiography/Memoir,4,92849,Hachette Book Group
984,Gregor the Overlander,Suzanne Collins,2003,Young Adult,3.99,66823,"Amazon Digital Services,  Inc."
985,Gabriel's Inferno,Sylvain Reynard,2011,Romance,4.02,119633,Penguin Group (USA) LLC
986,Gabriel's Rapture,Sylvain Reynard,2012,Romance,4.22,91213,"Amazon Digital Services,  Inc."
987,Entwined with You,Sylvia Day,2013,Romance,4.19,141641,"Amazon Digital Services,  Inc."
988,A Beautiful Mind,Sylvia Nasar,1998,Biography/Autobiography/Memoir,4.12,98276,Random House LLC
989,The Once and Future King,T.H. White,1958,Fantasy,4.08,76911,Macmillan
990,"Shatter Me (Shatter Me, #1)",Tahereh Mafi,2011,Fantasy,4.01,176433,"Amazon Digital Services,  Inc."
991,"Unravel Me (Shatter Me, #2)",Tahereh Mafi,2013,Young Adult,4.28,109183,"Amazon Digital Services,  Inc."
992,Easy,Tammara Webber,2012,Romance,4.11,133937,"Amazon Digital Services,  Inc."
993,Alanna: The First Adventure,Tamora Pierce,1983,Young Adult,4.27,85699,Penguin Group (USA) LLC
994,The Likeness,Tana French,2008,Mystery,4.05,72480,Penguin Group (USA) LLC
995,Between the World and Me,Ta-Nehisi Coates,2015,Biography/Autobiography/Memoir,4.4,74218,"Amazon Digital Services,  Inc."
996,The Tiger's Wife,Tea Obreht,2011,Literary Fiction,3.37,66104,"Amazon Digital Services,  Inc."
997,The Glass Menagerie,Tennessee Williams,1945,Literary Fiction,3.67,90032,"Amazon Digital Services,  Inc."
998,Stone of Tears,Terry Goodkind,1995,Fantasy,4.1,83235,Penguin Group (USA) LLC
999,Blood of the Fold,Terry Goodkind,1996,Fantasy,3.98,60624,"Amazon Digital Services,  Inc."
1000,I Am Pilgrim,Terry Hayes,2013,Thriller,4.23,49740,"Amazon Digital Services,  Inc."
1001,The Light Fantastic,Terry Pratchett,1986,Fantasy,3.94,75196,"Amazon Digital Services,  Inc."
1002,Mort,Terry Pratchett,1987,Fantasy,4.22,128450,"Amazon Digital Services,  Inc."
1003,Equal Rites,Terry Pratchett,1987,Fantasy,4,88673,"Amazon Digital Services,  Inc."
1004,Guards! Guards!,Terry Pratchett,1989,Fantasy,4.32,108652,"Amazon Digital Services,  Inc."
1005,Small Gods,Terry Pratchett,1992,Fantasy,4.27,72588,HarperCollins Publishers
1006,Night Watch,Terry Pratchett,2002,Fantasy,4.47,71271,"Amazon Digital Services,  Inc."
1007,Going Postal,Terry Pratchett,2004,Fantasy,4.36,75186,Penguin Group (USA) LLC
1008,The Surgeon,Tess Gerritsen,2001,Thriller,4.1,89468,Random House LLC
1009,Far from the Madding Crowd,"Thomas Hardy, Rosemarie Morgan, Shannon Russell",1874,Classics,3.92,87427,HarperCollins Publishers
1010,Tess of the d'Urbervilles: A Pure Woman Faithfully Presented,"Thomas Hardy, Tim Dolin, Margaret R. Higonnet",1891,Literary Fiction,3.77,171599,Hachette Book Group
1011,Schindler's Ark,Thomas Keneally,1982,Historical Fiction,4.34,108338,"Amazon Digital Services,  Inc."
1012,The World Is Flat: A Brief History of the Twenty-first Century,Thomas L. Friedman,2005,Essays/Journalism,3.66,78271,Hachette Book Group
1013,"The 4-Hour Workweek: Escape 9-5, Live Anywhere, and Join the New Rich",Timothy Ferriss,2007,Self-Help and Instruction,3.84,66129,"Amazon Digital Services,  Inc."
1014,Bleach,Tite Kubo,2002,Fantasy,4.21,120004,Penguin Group (USA) LLC
1015,Patriot Games,Tom Clancy,1987,Thriller,4.11,141674,"Amazon Digital Services,  Inc."
1016,Clear and Present Danger,Tom Clancy,1989,Thriller,4.08,105317,Hachette Book Group
1017,Still Life with Woodpecker,Tom Robbins,1980,Literary Fiction,4.04,56802,"Amazon Digital Services,  Inc."
1018,Jitterbug Perfume,Tom Robbins,1984,Fantasy,4.24,48277,"Amazon Digital Services,  Inc."
1019,Rosencrantz and Guildenstern are Dead,"Tom Stoppard, Henry Popkin",1966,Drama,4.06,67077,Random House LLC
1020,The Electric Kool-Aid Acid Test,Tom Wolfe,1968,Essays/Journalism,3.92,54848,"Amazon Digital Services,  Inc."
1021,The Bluest Eye,Toni Morrison,1970,Literary Fiction,3.99,109944,"Amazon Digital Services,  Inc."
1022,Emotional Intelligence 2.0,"Travis Bradberry, Jean Greaves, Patrick Lencioni",2003,Self-Help and Instruction,3.81,53384,"Amazon Digital Services,  Inc."
1023,The Mysterious Benedict Society,"Trenton Lee Stewart, Carson Ellis",2007,Chidren's Literature,4.14,87335,"Amazon Digital Services,  Inc."
1024,Breakfast at Tiffany's,Truman Capote,1958,Literary Fiction,3.89,129778,"Amazon Digital Services,  Inc."
1025,"Death Note, Volume 1","Tsugumi Ohba, Takeshi Obata",2004,Fantasy,4.42,139501,"Amazon Digital Services,  Inc."
1026,Beowulf,"Unknown, Seamus Heaney",1975,Classics,3.42,155903,HarperCollins Publishers
1027,The Jungle,"Upton Sinclair, Earl Lee, Kathleen DeGrave",1906,Literary Fiction,3.72,97468,Random House LLC
1028,Stones from the River,Ursula Hegi,1994,Historical Fiction,4.07,80056,"Amazon Digital Services,  Inc."
1029,A Wizard of Earthsea,Ursula K. Le Guin,1968,Fantasy,3.99,155042,"Amazon Digital Services,  Inc."
1030,The Left Hand of Darkness,Ursula K. Le Guin,1969,Science Fiction,4.05,61888,Random House LLC
1031,The Farthest Shore,Ursula K. Le Guin,1972,Fantasy,4.11,65626,"Amazon Digital Services,  Inc."
1032,Flowers in the Attic,V.C. Andrews,1979,Horror,3.79,109063,"Amazon Digital Services,  Inc."
1033,The Language of Flowers,Vanessa Diffenbaugh,2011,Literary Fiction,4.07,140076,"Amazon Digital Services,  Inc."
1034,Under the Never Sky,Veronica Rossi,2011,Science Fiction,4.01,74029,"Amazon Digital Services,  Inc."
1035,Free Four: Tobias Tells the Divergent Story,Veronica Roth,2012,Young Adult,4.18,81621,Hachette Book Group
1036,Four: A Divergent Collection,Veronica Roth,2014,Young Adult,4.1,97058,"Amazon Digital Services,  Inc."
1037,Notre-Dame de Paris,"Victor Hugo, Walter J. Cobb",1831,Classics,3.97,119851,"Amazon Digital Services,  Inc."
1038,Red Queen,Victoria Aveyard,2015,Fantasy,4.08,83354,"Amazon Digital Services,  Inc."
1039,Helter Skelter: The True Story of The Manson Murders,"Vincent Bugliosi, Curt Gentry",1974,Crime,4,92158,"Amazon Digital Services,  Inc."
1040,The Aeneid,"Virgil, Robert Fitzgerald",1990,Classics,3.81,75051,"Amazon Digital Services,  Inc."
1041,To The Lighthouse ,Virginia Woolf,1927,Classics,3.76,83066,Macmillan
1042,Mrs Dalloway,"Virginia Woolf, Maureen Howard",1925,Literary Fiction,3.78,136327,"Amazon Digital Services,  Inc."
1043,Candide,Voltaire,1759,Classics,3.76,151471,"Amazon Digital Services,  Inc."
1044,A Dog's Purpose ,W. Bruce Cameron,2010,Adventure,4.35,65091,"Amazon Digital Services,  Inc."
1045,Benjamin Franklin: An American Life,Walter Isaacson,2003,Biography/Autobiography/Memoir,3.96,70335,Macmillan
1046,Einstein. His Life and Universe,Walter Isaacson,2007,Biography/Autobiography/Memoir,4.08,71156,"Amazon Digital Services,  Inc."
1047,A Canticle for Leibowitz,Walter M. Miller Jr.,1959,Science Fiction,3.97,66721,"Amazon Digital Services,  Inc."
1048,The Little Engine That Could,"Watty Piper, Doris Hauman, George Hauman",1930,Chidren's Literature,4.15,82102,"Amazon Digital Services,  Inc."
1049,Flipped,Wendelin Van Draanen,2001,Young Adult,3.94,79264,"Amazon Digital Services,  Inc."
1050,The Woman in White,"Wilkie Collins, Matthew Sweet",1859,Mystery,3.98,93134,"Amazon Digital Services,  Inc."
1051,My Antonia,Willa Cather,1918,Literary Fiction,3.76,81102,"Amazon Digital Services,  Inc."
1052,The Sound and the Fury,William Faulkner,1929,Literary Fiction,3.86,124665,Hachette Book Group
1053,As I Lay Dying,William Faulkner,1930,Literary Fiction,3.72,103547,HarperCollins Publishers
1054,The Rise and Fall of the Third Reich: A History of Nazi Germany,William L. Shirer,1960,Historical Fiction,4.15,64391,HarperCollins Publishers
1055,Vanity Fair: A Novel Without a Hero,"William Makepeace Thackeray, John Carey",1847,Classics,3.76,91323,"Amazon Digital Services,  Inc."
1056,The Exorcist,William Peter Blatty,1971,Horror,4.14,124467,"Amazon Digital Services,  Inc."
1057,The Naked Lunch,"William S. Burroughs, James Grauerholz, Barry  Miles",1959,Literary Fiction,3.46,55473,"Amazon Digital Services,  Inc."
1058,The Taming of the Shrew,William Shakespeare,1593,Classics,3.81,126318,Hachette Book Group
1059,"Twelfth Night; or, What You Will",William Shakespeare,1601,Classics,3.97,119607,Penguin Group (USA) LLC
1060,The Tragedie of King Lear,William Shakespeare,1603,Classics,3.89,135448,"Amazon Digital Services,  Inc."
1061,The Tempest,William Shakespeare,1623,Classics,3.8,125178,"Amazon Digital Services,  Inc."
1062,The Merchant of Venice,"William Shakespeare, Robert          Jackson, Barbara A. Mowat, Paul Werstine",1596,Classics,3.78,115621,"Amazon Digital Services,  Inc."
1063,The Tragedy of Julius Caesar,"William Shakespeare, Roma Gill",1599,Classics,3.65,119933,"Amazon Digital Services,  Inc."
1064,Sophie's Choice,William Styron,1979,Historical Fiction,4.18,66923,"Amazon Digital Services,  Inc."
1065,"Black Butler, Volume 1","Yana Toboso, Tomo Kimura",2007,Fantasy,4.37,74378,Penguin Group (USA) LLC
1066,White Teeth,Zadie Smith,1999,Literary Fiction,3.75,82474,"Amazon Digital Services,  Inc."
